feat,seed,K_levels,K_scmax,nnc,scmax_style_nmi,scmax_obj_nmi_bdc,scmax_ext_obj_nmi,scmax_ext_src_given_obj,scmax_xsrc_agree,scmax_purity_bdc,scmax_purity_ext,hybrid_style_nmi,hybrid_obj_nmi_bdc,hybrid_ext_obj_nmi,hybrid_ext_src_given_obj,hybrid_xsrc_agree,hybrid_purity_bdc,hybrid_purity_ext
CMRE(sig)+CMRE(pe)+dino,50,"[217, 59, 17, 7]",17,0.8299050632911392,0.2329797066623509,0.8950948782418704,0.8705395151965863,0.043280511943570125,0.7704973988855304,0.9734019734019734,0.9790840245221781,0.22520903948525106,0.915144675273166,0.8612083078083671,0.05120950266029073,0.98840190816935,0.9914199914199914,0.9837720879913451
CMRE(sig)+CMRE(pe)+dino,51,"[228, 63, 17, 8]",17,0.7231012658227848,0.22294229950480848,0.8906515779328371,0.8624935704424428,0.033535253644737716,0.8404341077462899,0.975975975975976,0.9718716191849982,0.22520903948525106,0.915144675273166,0.8612083078083671,0.05120950266029073,0.98840190816935,0.9914199914199914,0.9837720879913451
CMRE(sig)+CMRE(pe)+dino,52,"[219, 60, 15]",15,0.7797995780590717,0.2355862693422415,0.9267492062959443,0.914924003275101,0.09719391994743248,0.8670049143585631,0.9768339768339769,0.9711503786512802,0.1779524105324305,0.9298587740288771,0.8586033535239205,0.03971348817971545,0.9754107293401599,0.9922779922779923,0.9830508474576272
CMRE(sig)+CMRE(pe)+dino,53,"[218, 54, 17]",17,0.864451476793249,0.22087269053373743,0.9187977013843531,0.8604218695416541,0.04029768368390825,0.8232237864220446,0.9824109824109825,0.9769203029210242,0.22520903948525106,0.915144675273166,0.8612083078083671,0.05120950266029073,0.98840190816935,0.9914199914199914,0.9837720879913451
CMRE(sig)+CMRE(pe)+dino,54,"[214, 55, 15]",15,0.7821729957805907,0.19817374971949683,0.8706739032105126,0.8297209210083031,0.14224268757526295,0.6125403988071859,0.8944658944658944,0.9347277316985214,0.1779524105324305,0.9298587740288771,0.8586033535239205,0.03971348817971545,0.9754107293401599,0.9922779922779923,0.9830508474576272
CMRE(sig)+CMRE(pe)+dino,55,"[213, 61, 17]",17,0.797204641350211,0.25445296596909095,0.9121948150047722,0.8179708452453799,0.12256060852659516,0.49922743503590705,0.9815529815529815,0.9733141002524341,0.22520903948525106,0.915144675273166,0.8612083078083671,0.05120950266029073,0.98840190816935,0.9914199914199914,0.9837720879913451
CMRE(sig)+CMRE(pe)+dino,56,"[226, 63, 20, 7]",20,0.8214662447257384,0.24084921277697077,0.8771045827008519,0.8384124320941247,0.12481672851779373,0.6025150823514898,0.9802659802659802,0.9812477461233321,0.23768005340762036,0.9055796728946586,0.7634553292936839,0.12486406078784128,0.5960942158616577,0.990990990990991,0.9646592138478183
CMRE(sig)+CMRE(pe)+dino,57,"[222, 61, 16, 7]",16,0.6787974683544303,0.23618940652192713,0.8826035113032472,0.9025956055738212,0.08140683034976591,0.715887360434273,0.9056199056199056,0.9520375045077534,0.17718672489878057,0.9168685747220313,0.8586033535239205,0.03971348817971545,0.9754107293401599,0.9922779922779923,0.9830508474576272
CMRE(sig)+CMRE(pe)+dino,58,"[216, 60, 18, 6]",18,0.7238924050632911,0.22982940045289474,0.8861779394478458,0.8028931905777016,0.1191987162350313,0.5338098616165977,0.9764049764049764,0.9592499098449333,0.24591758291474766,0.9139865817063497,0.8348037536023317,0.1523304480846531,0.793795365286945,0.9914199914199914,0.9834114677244861
CMRE(sig)+CMRE(pe)+dino,59,"[227, 63, 17, 5]",17,0.7170358649789029,0.23564306266436527,0.8983490090547157,0.887432112966449,0.1553929871277968,0.6298819731458064,0.9781209781209781,0.9718716191849982,0.22520903948525106,0.915144675273166,0.8612083078083671,0.05120950266029073,0.98840190816935,0.9914199914199914,0.9837720879913451
