id,cluster
0,15
1,15
2,9
3,15
4,15
5,15
6,14
7,15
8,10
9,9
10,15
11,15
12,15
13,15
14,15
15,15
16,15
17,9
18,15
19,15
20,3
21,10
22,9
23,3
24,3
25,3
26,15
27,15
28,15
29,4
30,9
31,9
32,15
33,15
34,15
35,3
36,9
37,10
38,15
39,9
40,15
41,15
42,3
43,15
44,15
45,15
46,15
47,15
48,2
49,15
50,15
51,15
52,15
53,15
54,15
55,10
56,15
57,3
58,15
59,15
60,15
61,15
62,15
63,15
64,3
65,9
66,15
67,15
68,15
69,3
70,15
71,15
72,15
73,15
74,15
75,3
76,15
77,9
78,14
79,15
80,15
81,15
82,3
83,10
84,15
85,7
86,15
87,15
88,9
89,9
90,15
91,15
92,3
93,9
94,15
95,15
96,10
97,9
98,15
99,14
100,15
101,9
102,15
103,15
104,15
105,15
106,15
107,9
108,15
109,8
110,15
111,15
112,14
113,15
114,3
115,15
116,15
117,10
118,14
119,9
120,15
121,15
122,9
123,9
124,9
125,9
126,9
127,9
128,9
129,9
130,9
131,15
132,3
133,15
134,15
135,15
136,15
137,15
138,15
139,15
140,3
141,15
142,15
143,15
144,15
145,5
146,10
147,15
148,15
149,3
150,9
151,15
152,8
153,15
154,9
155,9
156,9
157,9
158,9
159,9
160,9
161,9
162,9
163,9
164,15
165,15
166,15
167,15
168,9
169,15
170,9
171,7
172,15
173,15
174,15
175,15
176,10
177,15
178,15
179,15
180,9
181,15
182,15
183,15
184,15
185,15
186,3
187,9
188,15
189,9
190,9
191,9
192,9
193,9
194,9
195,9
196,9
197,9
198,9
199,15
200,15
201,15
202,15
203,15
204,15
205,3
206,15
207,15
208,15
209,7
210,5
211,15
212,10
213,15
214,3
215,15
216,3
217,15
218,9
219,15
220,10
221,9
222,9
223,3
224,9
225,9
226,9
227,9
228,9
229,9
230,9
231,9
232,9
233,9
234,15
235,15
236,15
237,15
238,10
239,15
240,9
241,9
242,15
243,9
244,15
245,15
246,9
247,9
248,9
249,9
250,9
251,9
252,9
253,9
254,9
255,9
256,9
257,15
258,15
259,3
260,3
261,3
262,15
263,15
264,15
265,3
266,15
267,3
268,7
269,15
270,15
271,15
272,10
273,7
274,15
275,3
276,0
277,14
278,3
279,15
280,15
281,15
282,15
283,15
284,10
285,15
286,15
287,3
288,9
289,9
290,9
291,9
292,9
293,9
294,9
295,9
296,9
297,7
298,15
299,10
300,15
301,9
302,9
303,9
304,9
305,9
306,9
307,9
308,9
309,9
310,10
311,3
312,15
313,14
314,15
315,5
316,15
317,10
318,9
319,3
320,9
321,9
322,9
323,9
324,9
325,9
326,9
327,9
328,9
329,3
330,3
331,15
332,15
333,8
334,3
335,15
336,10
337,9
338,9
339,15
340,3
341,9
342,15
343,9
344,9
345,9
346,9
347,9
348,9
349,9
350,9
351,9
352,9
353,3
354,15
355,3
356,9
357,3
358,15
359,10
360,7
361,3
362,9
363,9
364,9
365,9
366,9
367,9
368,9
369,9
370,9
371,9
372,3
373,1
374,3
375,9
376,0
377,10
378,9
379,9
380,9
381,9
382,9
383,9
384,9
385,9
386,9
387,10
388,10
389,10
390,7
391,15
392,15
393,14
394,10
395,15
396,7
397,0
398,15
399,9
400,2
401,10
402,13
403,9
404,9
405,9
406,10
407,9
408,9
409,10
410,10
411,10
412,10
413,10
414,9
415,10
416,10
417,10
418,10
419,10
420,10
421,10
422,7
423,7
424,7
425,7
426,10
427,7
428,10
429,10
430,10
431,10
432,10
433,10
434,10
435,10
436,7
437,10
438,10
439,10
440,10
441,7
442,10
443,15
444,10
445,10
446,10
447,10
448,10
449,10
450,10
451,10
452,15
453,15
454,15
455,15
456,10
457,9
458,3
459,3
460,7
461,8
462,15
463,14
464,15
465,15
466,9
467,14
468,15
469,15
470,9
471,3
472,6
473,15
474,3
475,9
476,10
477,15
478,15
479,15
480,15
481,15
482,7
483,15
484,15
485,9
486,9
487,7
488,3
489,3
490,9
491,3
492,15
493,4
494,15
495,14
496,14
497,14
498,14
499,14
500,14
501,14
502,14
503,14
504,14
505,14
506,14
507,14
508,15
509,14
510,14
511,14
512,14
513,9
514,15
515,14
516,14
517,14
518,14
519,14
520,14
521,14
522,14
523,14
524,9
525,14
526,14
527,14
528,14
529,14
530,14
531,14
532,14
533,14
534,14
535,14
536,14
537,14
538,14
539,14
540,14
541,14
542,14
543,14
544,14
545,15
546,3
547,7
548,15
549,15
550,15
551,9
552,15
553,15
554,9
555,15
556,15
557,10
558,15
559,15
560,7
561,15
562,3
563,7
564,14
565,9
566,14
567,14
568,14
569,14
570,14
571,14
572,14
573,14
574,14
575,15
576,14
577,14
578,14
579,14
580,14
581,14
582,14
583,14
584,14
585,14
586,7
587,14
588,15
589,14
590,14
591,14
592,14
593,14
594,14
595,14
596,14
597,14
598,14
599,14
600,14
601,14
602,14
603,14
604,14
605,14
606,14
607,14
608,14
609,14
610,14
611,14
612,14
613,14
614,14
615,14
616,14
617,14
618,14
619,14
620,14
621,14
622,14
623,14
624,14
625,14
626,14
627,14
628,14
629,14
630,14
631,14
632,14
633,14
634,14
635,14
636,14
637,14
638,14
639,14
640,9
641,14
642,14
643,14
644,15
645,14
646,14
647,14
648,14
649,14
650,14
651,14
652,14
653,14
654,14
655,9
656,3
657,15
658,15
659,15
660,14
661,14
662,14
663,14
664,14
665,14
666,14
667,7
668,14
669,14
670,14
671,14
672,10
673,15
674,15
675,15
676,6
677,15
678,7
679,15
680,15
681,3
682,14
683,10
684,7
685,3
686,15
687,3
688,15
689,15
690,15
691,15
692,15
693,14
694,14
695,14
696,14
697,7
698,7
699,7
700,7
701,7
702,7
703,15
704,15
705,15
706,3
707,3
708,10
709,7
710,15
711,7
712,3
713,7
714,7
715,7
716,9
717,7
718,7
719,15
720,7
721,7
722,7
723,10
724,7
725,7
726,7
727,7
728,7
729,7
730,15
731,9
732,15
733,15
734,12
735,15
736,9
737,3
738,15
739,7
740,7
741,7
742,7
743,7
744,7
745,7
746,3
747,14
748,7
749,15
750,3
751,3
752,3
753,3
754,15
755,15
756,3
757,9
758,15
759,15
760,15
761,15
762,3
763,14
764,3
765,15
766,15
767,14
768,15
769,15
770,12
771,9
772,3
773,9
774,0
775,15
776,15
777,15
778,15
779,3
780,9
781,15
782,15
783,15
784,15
785,3
786,9
787,15
788,15
789,15
790,15
791,15
792,15
793,15
794,15
795,3
796,15
797,7
798,15
799,15
800,9
801,15
802,15
803,15
804,9
805,9
806,9
807,15
808,15
809,15
810,15
811,15
812,15
813,15
814,15
815,15
816,3
817,15
818,15
819,9
820,15
821,9
822,15
823,14
824,3
825,15
826,3
827,3
828,10
829,0
830,9
831,15
832,15
833,15
834,15
835,3
836,9
837,15
838,15
839,15
840,15
841,9
842,15
843,15
844,15
845,3
846,15
847,15
848,15
849,9
850,7
851,9
852,15
853,15
854,15
855,3
856,9
857,3
858,15
859,15
860,15
861,15
862,9
863,3
864,9
865,9
866,15
867,15
868,15
869,9
870,9
871,15
872,15
873,3
874,15
875,15
876,15
877,15
878,3
879,9
880,10
881,9
882,15
883,3
884,7
885,9
886,15
887,3
888,15
889,7
890,13
891,13
892,13
893,13
894,13
895,13
896,13
897,13
898,13
899,14
900,9
901,15
902,9
903,15
904,9
905,15
906,15
907,13
908,13
909,13
910,13
911,13
912,13
913,13
914,13
915,13
916,13
917,15
918,3
919,7
920,3
921,15
922,3
923,3
924,13
925,14
926,13
927,13
928,13
929,13
930,13
931,13
932,13
933,13
934,13
935,15
936,15
937,3
938,15
939,15
940,15
941,13
942,13
943,13
944,13
945,13
946,13
947,13
948,13
949,13
950,13
951,15
952,15
953,8
954,15
955,13
956,13
957,13
958,13
959,13
960,7
961,13
962,13
963,13
964,13
965,13
966,15
967,7
968,7
969,15
970,9
971,15
972,15
973,15
974,15
975,10
976,3
977,15
978,3
979,3
980,15
981,9
982,15
983,9
984,13
985,13
986,13
987,13
988,13
989,13
990,13
991,13
992,13
993,13
994,13
995,13
996,13
997,13
998,15
999,7
1000,15
1001,15
1002,15
1003,0
1004,15
1005,15
1006,15
1007,15
1008,9
1009,15
1010,3
1011,10
1012,15
1013,9
1014,3
1015,7
1016,15
1017,7
1018,7
1019,7
1020,13
1021,13
1022,13
1023,13
1024,13
1025,13
1026,9
1027,9
1028,9
1029,9
1030,9
1031,9
1032,9
1033,9
1034,15
1035,15
1036,15
1037,15
1038,15
1039,14
1040,14
1041,14
1042,14
1043,14
1044,14
1045,14
1046,14
1047,14
1048,14
1049,14
1050,15
1051,15
1052,15
1053,15
1054,15
1055,7
1056,10
1057,14
1058,14
1059,14
1060,9
1061,7
1062,7
1063,7
1064,7
1065,14
1066,14
1067,14
1068,14
1069,14
1070,7
1071,15
1072,15
1073,0
1074,9
1075,9
1076,9
1077,9
1078,9
1079,9
1080,14
1081,14
1082,14
1083,14
1084,14
1085,14
1086,14
1087,14
1088,13
1089,13
1090,13
1091,14
1092,14
1093,14
1094,14
1095,14
1096,14
1097,7
1098,7
1099,7
1100,7
1101,7
1102,7
1103,10
1104,10
1105,13
1106,13
1107,10
1108,10
1109,10
1110,9
1111,9
1112,9
1113,9
1114,9
1115,9
1116,9
1117,14
1118,14
1119,14
1120,14
1121,14
1122,14
1123,14
1124,14
1125,9
1126,9
1127,9
1128,9
1129,9
1130,9
1131,9
1132,9
1133,9
1134,9
1135,9
1136,9
1137,9
1138,9
1139,9
1140,9
1141,9
1142,9
1143,9
1144,9
1145,9
1146,9
1147,14
1148,14
1149,14
1150,14
1151,9
1152,13
1153,13
1154,13
1155,14
1156,13
1157,10
1158,10
1159,10
1160,7
1161,0
1162,0
1163,5
1164,5
1165,2
1166,9
1167,10
1168,10
1169,0
1170,0
1171,0
1172,0
1173,0
1174,0
1175,15
1176,15
1177,15
1178,0
1179,0
1180,0
1181,0
1182,13
1183,10
1184,10
1185,10
1186,10
1187,10
1188,10
1189,10
1190,10
1191,10
1192,10
1193,9
1194,10
1195,9
1196,10
1197,10
1198,10
1199,10
1200,10
1201,10
1202,10
1203,10
1204,10
1205,10
1206,10
1207,10
1208,10
1209,10
1210,10
1211,10
1212,10
1213,10
1214,10
1215,10
1216,10
1217,10
1218,10
1219,10
1220,10
1221,10
1222,10
1223,10
1224,10
1225,10
1226,10
1227,10
1228,10
1229,10
1230,10
1231,10
1232,10
1233,10
1234,10
1235,10
1236,10
1237,10
1238,10
1239,10
1240,10
1241,10
1242,10
1243,10
1244,10
1245,10
1246,10
1247,10
1248,10
1249,10
1250,10
1251,10
1252,10
1253,10
1254,10
1255,10
1256,10
1257,10
1258,10
1259,10
1260,10
1261,10
1262,10
1263,10
1264,10
1265,10
1266,10
1267,10
1268,10
1269,10
1270,10
1271,10
1272,10
1273,10
1274,10
1275,10
1276,10
1277,10
1278,10
1279,10
1280,10
1281,10
1282,10
1283,10
1284,10
1285,10
1286,10
1287,10
1288,10
1289,10
1290,12
1291,10
1292,10
1293,10
1294,9
1295,10
1296,10
1297,10
1298,10
1299,10
1300,10
1301,10
1302,14
1303,10
1304,10
1305,10
1306,10
1307,10
1308,10
1309,10
1310,10
1311,10
1312,0
1313,10
1314,10
1315,10
1316,9
1317,10
1318,10
1319,10
1320,10
1321,10
1322,10
1323,0
1324,10
1325,10
1326,10
1327,10
1328,10
1329,10
1330,10
1331,10
1332,10
1333,10
1334,10
1335,10
1336,10
1337,10
1338,10
1339,9
1340,10
1341,10
1342,10
1343,10
1344,10
1345,10
1346,10
1347,10
1348,10
1349,10
1350,10
1351,10
1352,10
1353,10
1354,10
1355,10
1356,10
1357,10
1358,10
1359,10
1360,10
1361,10
1362,10
1363,10
1364,10
1365,10
1366,10
1367,10
1368,10
1369,10
1370,10
1371,10
1372,10
1373,10
1374,10
1375,10
1376,10
1377,10
1378,10
1379,9
1380,10
1381,10
1382,10
1383,10
1384,10
1385,10
1386,10
1387,10
1388,10
1389,10
1390,10
1391,10
1392,10
1393,10
1394,10
1395,10
1396,10
1397,10
1398,10
1399,10
1400,10
1401,10
1402,10
1403,10
1404,10
1405,10
1406,10
1407,10
1408,10
1409,9
1410,10
1411,10
1412,11
1413,11
1414,11
1415,11
1416,11
1417,11
1418,11
1419,11
1420,11
1421,11
1422,11
1423,11
1424,11
1425,11
1426,11
1427,11
1428,11
1429,11
1430,11
1431,11
1432,11
1433,11
1434,11
1435,11
1436,11
1437,11
1438,11
1439,11
1440,11
1441,11
1442,11
1443,11
1444,11
1445,11
1446,11
1447,11
1448,11
1449,11
1450,11
1451,11
1452,11
1453,11
1454,11
1455,11
1456,11
1457,11
1458,11
1459,11
1460,11
1461,11
1462,11
1463,11
1464,11
1465,11
1466,11
1467,11
1468,11
1469,11
1470,11
1471,11
1472,11
1473,11
1474,11
1475,11
1476,11
1477,11
1478,11
1479,11
1480,11
1481,11
1482,11
1483,11
1484,11
1485,11
1486,11
1487,11
1488,11
1489,11
1490,11
1491,11
1492,11
1493,11
1494,11
1495,11
1496,11
1497,11
1498,11
1499,11
1500,11
1501,11
1502,11
1503,11
1504,11
1505,11
1506,11
1507,11
1508,11
1509,11
1510,11
1511,11
1512,11
1513,11
1514,11
1515,11
1516,11
1517,11
1518,11
1519,11
1520,11
1521,11
1522,11
1523,11
1524,11
1525,11
1526,11
1527,11
1528,11
1529,11
1530,11
1531,11
1532,11
1533,11
1534,11
1535,11
1536,11
1537,11
1538,11
1539,11
1540,11
1541,11
1542,11
1543,11
1544,11
1545,11
1546,11
1547,11
1548,11
1549,11
1550,11
1551,11
1552,11
1553,11
1554,11
1555,11
1556,11
1557,11
1558,11
1559,11
1560,11
1561,11
1562,11
1563,11
1564,11
1565,11
1566,11
1567,11
1568,11
1569,11
1570,11
1571,11
1572,11
1573,11
1574,11
1575,11
1576,11
1577,11
1578,11
1579,11
1580,11
1581,11
1582,11
1583,11
1584,11
1585,11
1586,11
1587,11
1588,11
1589,11
1590,11
1591,11
1592,11
1593,11
1594,11
1595,11
1596,11
1597,11
1598,11
1599,11
1600,11
1601,11
1602,11
1603,11
1604,11
1605,11
1606,11
1607,11
1608,11
1609,11
1610,11
1611,11
1612,11
1613,11
1614,5
1615,11
1616,11
1617,11
1618,11
1619,11
1620,11
1621,11
1622,11
1623,11
1624,11
1625,11
1626,11
1627,11
1628,11
1629,11
1630,11
1631,11
1632,11
1633,11
1634,11
1635,11
1636,11
1637,11
1638,11
1639,11
1640,11
1641,11
1642,11
1643,11
1644,11
1645,11
1646,11
1647,11
1648,11
1649,11
1650,11
1651,11
1652,11
1653,11
1654,11
1655,11
1656,11
1657,11
1658,11
1659,11
1660,0
1661,11
1662,11
1663,11
1664,5
1665,11
1666,11
1667,14
1668,14
1669,14
1670,14
1671,14
1672,14
1673,14
1674,14
1675,14
1676,14
1677,14
1678,14
1679,14
1680,14
1681,14
1682,14
1683,14
1684,14
1685,14
1686,14
1687,14
1688,14
1689,14
1690,14
1691,14
1692,14
1693,15
1694,14
1695,14
1696,14
1697,14
1698,14
1699,14
1700,14
1701,14
1702,14
1703,14
1704,14
1705,14
1706,14
1707,14
1708,14
1709,14
1710,14
1711,14
1712,14
1713,14
1714,14
1715,14
1716,14
1717,14
1718,14
1719,14
1720,14
1721,14
1722,14
1723,14
1724,14
1725,14
1726,14
1727,14
1728,14
1729,14
1730,14
1731,14
1732,14
1733,14
1734,14
1735,14
1736,14
1737,14
1738,14
1739,14
1740,14
1741,14
1742,14
1743,14
1744,14
1745,14
1746,14
1747,14
1748,14
1749,14
1750,14
1751,14
1752,14
1753,14
1754,14
1755,14
1756,14
1757,14
1758,14
1759,14
1760,14
1761,14
1762,14
1763,14
1764,14
1765,14
1766,14
1767,14
1768,14
1769,14
1770,14
1771,14
1772,14
1773,14
1774,14
1775,14
1776,14
1777,14
1778,14
1779,14
1780,14
1781,14
1782,14
1783,14
1784,14
1785,14
1786,14
1787,14
1788,14
1789,14
1790,14
1791,14
1792,14
1793,14
1794,14
1795,14
1796,14
1797,14
1798,14
1799,14
1800,14
1801,14
1802,14
1803,14
1804,14
1805,14
1806,14
1807,14
1808,14
1809,14
1810,14
1811,14
1812,13
1813,13
1814,13
1815,13
1816,13
1817,13
1818,13
1819,13
1820,13
1821,13
1822,13
1823,13
1824,13
1825,13
1826,13
1827,13
1828,13
1829,13
1830,13
1831,13
1832,13
1833,13
1834,13
1835,13
1836,13
1837,13
1838,13
1839,13
1840,13
1841,13
1842,13
1843,13
1844,13
1845,13
1846,13
1847,13
1848,13
1849,13
1850,13
1851,13
1852,13
1853,13
1854,13
1855,13
1856,13
1857,13
1858,13
1859,13
1860,13
1861,4
1862,13
1863,13
1864,13
1865,13
1866,13
1867,13
1868,13
1869,13
1870,13
1871,13
1872,13
1873,13
1874,13
1875,13
1876,13
1877,13
1878,13
1879,13
1880,13
1881,13
1882,13
1883,13
1884,13
1885,13
1886,13
1887,13
1888,13
1889,13
1890,13
1891,13
1892,13
1893,13
1894,13
1895,13
1896,13
1897,13
1898,13
1899,13
1900,13
1901,13
1902,13
1903,13
1904,13
1905,13
1906,13
1907,13
1908,13
1909,13
1910,13
1911,13
1912,13
1913,13
1914,13
1915,13
1916,13
1917,13
1918,13
1919,13
1920,13
1921,13
1922,13
1923,13
1924,13
1925,13
1926,13
1927,13
1928,13
1929,13
1930,13
1931,13
1932,13
1933,13
1934,13
1935,13
1936,13
1937,13
1938,13
1939,13
1940,13
1941,13
1942,13
1943,13
1944,13
1945,13
1946,13
1947,13
1948,13
1949,13
1950,13
1951,13
1952,13
1953,13
1954,13
1955,13
1956,13
1957,13
1958,13
1959,13
1960,13
1961,13
1962,13
1963,13
1964,13
1965,13
1966,13
1967,13
1968,13
1969,13
1970,13
1971,13
1972,13
1973,13
1974,13
1975,13
1976,13
1977,13
1978,13
1979,13
1980,13
1981,13
1982,13
1983,13
1984,13
1985,13
1986,13
1987,13
1988,13
1989,13
1990,13
1991,13
1992,13
1993,13
1994,13
1995,13
1996,13
1997,13
1998,13
1999,13
2000,13
2001,13
2002,13
2003,13
2004,13
2005,13
2006,13
2007,13
2008,13
2009,13
2010,13
2011,13
2012,5
2013,5
2014,5
2015,5
2016,2
2017,2
2018,5
2019,2
2020,5
2021,5
2022,2
2023,5
2024,5
2025,5
2026,2
2027,2
2028,2
2029,5
2030,5
2031,5
2032,2
2033,5
2034,5
2035,5
2036,2
2037,2
2038,2
2039,2
2040,2
2041,2
2042,2
2043,2
2044,5
2045,5
2046,2
2047,2
2048,2
2049,2
2050,2
2051,2
2052,2
2053,2
2054,2
2055,5
2056,2
2057,5
2058,2
2059,2
2060,2
2061,2
2062,2
2063,2
2064,2
2065,5
2066,2
2067,2
2068,5
2069,2
2070,2
2071,2
2072,2
2073,2
2074,2
2075,2
2076,5
2077,2
2078,2
2079,2
2080,5
2081,3
2082,2
2083,2
2084,2
2085,2
2086,5
2087,2
2088,2
2089,2
2090,2
2091,5
2092,2
2093,2
2094,2
2095,5
2096,2
2097,2
2098,2
2099,2
2100,2
2101,5
2102,2
2103,2
2104,2
2105,2
2106,5
2107,2
2108,2
2109,2
2110,2
2111,2
2112,2
2113,5
2114,2
2115,2
2116,5
2117,2
2118,2
2119,2
2120,2
2121,2
2122,5
2123,2
2124,2
2125,5
2126,2
2127,2
2128,2
2129,2
2130,2
2131,5
2132,5
2133,5
2134,5
2135,5
2136,5
2137,5
2138,5
2139,5
2140,5
2141,5
2142,5
2143,5
2144,5
2145,5
2146,5
2147,7
2148,5
2149,5
2150,5
2151,5
2152,5
2153,5
2154,5
2155,5
2156,5
2157,5
2158,5
2159,5
2160,5
2161,5
2162,5
2163,5
2164,5
2165,5
2166,5
2167,5
2168,5
2169,5
2170,5
2171,2
2172,5
2173,5
2174,5
2175,5
2176,5
2177,5
2178,5
2179,5
2180,2
2181,5
2182,5
2183,5
2184,5
2185,5
2186,5
2187,5
2188,5
2189,5
2190,5
2191,5
2192,5
2193,5
2194,5
2195,2
2196,5
2197,5
2198,5
2199,5
2200,5
2201,2
2202,5
2203,5
2204,5
2205,2
2206,5
2207,5
2208,5
2209,5
2210,2
2211,2
2212,2
2213,2
2214,15
2215,2
2216,2
2217,2
2218,5
2219,5
2220,5
2221,5
2222,5
2223,5
2224,5
2225,5
2226,2
2227,5
2228,5
2229,5
2230,5
2231,5
2232,5
2233,5
2234,2
2235,5
2236,5
2237,5
2238,5
2239,5
2240,5
2241,5
2242,5
2243,2
2244,2
2245,5
2246,5
2247,2
2248,2
2249,5
2250,2
2251,12
2252,12
2253,12
2254,12
2255,12
2256,12
2257,12
2258,12
2259,12
2260,12
2261,12
2262,12
2263,12
2264,12
2265,12
2266,12
2267,12
2268,12
2269,12
2270,12
2271,12
2272,12
2273,12
2274,12
2275,12
2276,12
2277,12
2278,12
2279,12
2280,12
2281,12
2282,12
2283,12
2284,12
2285,12
2286,12
2287,12
2288,12
2289,12
2290,12
2291,12
2292,12
2293,12
2294,12
2295,12
2296,12
2297,12
2298,12
2299,12
2300,12
2301,12
2302,12
2303,12
2304,12
2305,12
2306,12
2307,12
2308,12
2309,12
2310,12
2311,12
2312,12
2313,12
2314,12
2315,12
2316,12
2317,12
2318,12
2319,12
2320,12
2321,12
2322,12
2323,12
2324,12
2325,12
2326,12
2327,12
2328,12
2329,12
2330,12
2331,12
2332,12
2333,12
2334,12
2335,12
2336,12
2337,12
2338,12
2339,12
2340,12
2341,12
2342,12
2343,12
2344,12
2345,12
2346,12
2347,12
2348,12
2349,12
2350,12
2351,12
2352,12
2353,12
2354,12
2355,12
2356,12
2357,12
2358,12
2359,12
2360,12
2361,12
2362,12
2363,12
2364,12
2365,12
2366,12
2367,12
2368,12
2369,12
2370,12
2371,12
2372,12
2373,12
2374,12
2375,12
2376,12
2377,12
2378,12
2379,12
2380,12
2381,12
2382,12
2383,12
2384,12
2385,12
2386,12
2387,12
2388,12
2389,12
2390,12
2391,12
2392,12
2393,12
2394,12
2395,12
2396,12
2397,12
2398,12
2399,12
2400,12
2401,12
2402,12
2403,12
2404,12
2405,12
2406,12
2407,12
2408,12
2409,12
2410,12
2411,12
2412,12
2413,12
2414,12
2415,12
2416,12
2417,12
2418,12
2419,12
2420,12
2421,12
2422,12
2423,12
2424,12
2425,12
2426,12
2427,12
2428,12
2429,12
2430,12
2431,12
2432,12
2433,12
2434,12
2435,12
2436,12
2437,12
2438,12
2439,12
2440,12
2441,12
2442,12
2443,12
2444,12
2445,12
2446,12
2447,12
2448,12
2449,12
2450,12
2451,12
2452,12
2453,12
2454,12
2455,12
2456,12
2457,12
2458,12
2459,12
2460,12
2461,12
2462,12
2463,12
2464,12
2465,12
2466,12
2467,12
2468,12
2469,12
2470,12
2471,12
2472,12
2473,12
2474,12
2475,12
2476,12
2477,12
2478,12
2479,12
2480,12
2481,12
2482,12
2483,12
2484,12
2485,12
2486,12
2487,12
2488,12
2489,12
2490,12
2491,12
2492,12
2493,12
2494,12
2495,12
2496,12
2497,12
2498,12
2499,12
2500,12
2501,12
2502,12
2503,12
2504,12
2505,12
2506,12
2507,12
2508,12
2509,12
2510,12
2511,12
2512,12
2513,12
2514,12
2515,12
2516,12
2517,12
2518,12
2519,12
2520,12
2521,12
2522,12
2523,12
2524,12
2525,12
2526,0
2527,9
2528,7
2529,3
2530,3
2531,7
2532,7
2533,7
2534,7
2535,7
2536,3
2537,3
2538,7
2539,7
2540,7
2541,3
2542,7
2543,7
2544,7
2545,7
2546,7
2547,3
2548,7
2549,7
2550,7
2551,7
2552,3
2553,7
2554,7
2555,7
2556,7
2557,7
2558,7
2559,7
2560,3
2561,3
2562,3
2563,7
2564,7
2565,7
2566,3
2567,3
2568,7
2569,7
2570,3
2571,7
2572,7
2573,3
2574,3
2575,7
2576,7
2577,7
2578,3
2579,7
2580,3
2581,7
2582,3
2583,7
2584,7
2585,7
2586,7
2587,7
2588,7
2589,7
2590,7
2591,7
2592,7
2593,7
2594,7
2595,7
2596,7
2597,7
2598,7
2599,7
2600,7
2601,3
2602,7
2603,7
2604,3
2605,7
2606,7
2607,3
2608,7
2609,3
2610,7
2611,7
2612,3
2613,7
2614,7
2615,3
2616,3
2617,7
2618,7
2619,3
2620,7
2621,7
2622,7
2623,7
2624,7
2625,7
2626,3
2627,7
2628,7
2629,7
2630,3
2631,3
2632,7
2633,7
2634,7
2635,7
2636,7
2637,3
2638,7
2639,7
2640,7
2641,7
2642,7
2643,7
2644,7
2645,7
2646,7
2647,7
2648,7
2649,7
2650,7
2651,7
2652,7
2653,7
2654,7
2655,7
2656,7
2657,7
2658,7
2659,7
2660,7
2661,7
2662,7
2663,7
2664,7
2665,7
2666,7
2667,3
2668,3
2669,3
2670,7
2671,3
2672,7
2673,7
2674,3
2675,7
2676,7
2677,3
2678,7
2679,7
2680,3
2681,3
2682,7
2683,7
2684,3
2685,3
2686,3
2687,7
2688,7
2689,3
2690,3
2691,7
2692,7
2693,3
2694,3
2695,7
2696,7
2697,7
2698,7
2699,7
2700,3
2701,7
2702,3
2703,3
2704,3
2705,7
2706,7
2707,3
2708,7
2709,7
2710,3
2711,3
2712,7
2713,3
2714,7
2715,3
2716,7
2717,7
2718,3
2719,3
2720,7
2721,7
2722,7
2723,7
2724,7
2725,7
2726,7
2727,7
2728,7
2729,3
2730,3
2731,7
2732,7
2733,7
2734,7
2735,7
2736,7
2737,3
2738,7
2739,3
2740,3
2741,7
2742,7
2743,3
2744,3
2745,7
2746,3
2747,7
2748,7
2749,7
2750,3
2751,3
2752,7
2753,7
2754,7
2755,3
2756,7
2757,3
2758,3
2759,7
2760,3
2761,7
2762,3
2763,3
2764,3
2765,7
2766,7
2767,7
2768,3
2769,3
2770,3
2771,7
2772,7
2773,3
2774,7
2775,7
2776,7
2777,7
2778,3
2779,7
2780,7
2781,3
2782,8
2783,8
2784,8
2785,6
2786,8
2787,6
2788,8
2789,8
2790,6
2791,8
2792,6
2793,6
2794,8
2795,6
2796,8
2797,6
2798,6
2799,8
2800,8
2801,8
2802,6
2803,8
2804,8
2805,8
2806,8
2807,6
2808,6
2809,8
2810,6
2811,8
2812,6
2813,8
2814,6
2815,6
2816,8
2817,6
2818,8
2819,8
2820,8
2821,8
2822,6
2823,8
2824,8
2825,8
2826,8
2827,6
2828,8
2829,8
2830,8
2831,6
2832,6
2833,8
2834,8
2835,8
2836,8
2837,8
2838,8
2839,8
2840,6
2841,8
2842,8
2843,6
2844,6
2845,8
2846,8
2847,6
2848,8
2849,8
2850,8
2851,8
2852,6
2853,8
2854,6
2855,8
2856,6
2857,8
2858,8
2859,6
2860,8
2861,8
2862,8
2863,8
2864,8
2865,6
2866,8
2867,6
2868,6
2869,8
2870,8
2871,8
2872,6
2873,8
2874,8
2875,8
2876,8
2877,8
2878,6
2879,8
2880,8
2881,8
2882,6
2883,6
2884,6
2885,8
2886,8
2887,8
2888,8
2889,8
2890,6
2891,6
2892,6
2893,8
2894,8
2895,6
2896,8
2897,6
2898,8
2899,8
2900,5
2901,6
2902,8
2903,8
2904,6
2905,8
2906,6
2907,8
2908,8
2909,6
2910,8
2911,8
2912,8
2913,8
2914,8
2915,8
2916,6
2917,8
2918,6
2919,6
2920,6
2921,8
2922,6
2923,8
2924,8
2925,8
2926,8
2927,6
2928,8
2929,8
2930,8
2931,8
2932,8
2933,8
2934,8
2935,8
2936,8
2937,8
2938,6
2939,8
2940,8
2941,8
2942,6
2943,6
2944,8
2945,6
2946,8
2947,8
2948,8
2949,8
2950,6
2951,6
2952,8
2953,6
2954,8
2955,6
2956,8
2957,6
2958,6
2959,8
2960,6
2961,8
2962,8
2963,8
2964,8
2965,8
2966,8
2967,6
2968,6
2969,6
2970,8
2971,8
2972,8
2973,8
2974,8
2975,6
2976,6
2977,6
2978,8
2979,8
2980,6
2981,6
2982,8
2983,6
2984,8
2985,8
2986,8
2987,8
2988,6
2989,6
2990,6
2991,8
2992,8
2993,8
2994,6
2995,6
2996,6
2997,8
2998,8
2999,6
3000,8
3001,6
3002,8
3003,8
3004,8
3005,8
3006,8
3007,8
3008,6
3009,6
3010,8
3011,6
3012,6
3013,8
3014,6
3015,6
3016,6
3017,8
3018,8
3019,6
3020,8
3021,8
3022,8
3023,8
3024,6
3025,6
3026,6
3027,6
3028,8
3029,8
3030,6
3031,6
3032,8
3033,8
3034,8
3035,6
3036,6
3037,8
3038,8
3039,6
3040,8
3041,6
3042,6
3043,8
3044,8
3045,8
3046,8
3047,8
3048,8
3049,8
3050,6
3051,6
3052,6
3053,8
3054,6
3055,6
3056,6
3057,6
3058,6
3059,6
3060,8
3061,8
3062,8
3063,8
3064,6
3065,6
3066,6
3067,8
3068,8
3069,8
3070,8
3071,8
3072,6
3073,8
3074,8
3075,8
3076,8
3077,8
3078,8
3079,6
3080,0
3081,0
3082,0
3083,0
3084,0
3085,0
3086,0
3087,0
3088,0
3089,0
3090,0
3091,0
3092,0
3093,0
3094,0
3095,0
3096,0
3097,0
3098,0
3099,0
3100,0
3101,0
3102,0
3103,0
3104,0
3105,0
3106,0
3107,7
3108,12
3109,9
3110,12
3111,9
3112,4
3113,4
3114,4
3115,4
3116,1
3117,1
3118,4
3119,4
3120,4
3121,0
3122,0
3123,0
3124,4
3125,4
3126,4
3127,4
3128,4
3129,0
3130,1
3131,1
3132,0
3133,4
3134,1
3135,4
3136,4
3137,4
3138,4
3139,4
3140,1
3141,1
3142,4
3143,1
3144,4
3145,4
3146,1
3147,4
3148,0
3149,4
3150,4
3151,0
3152,0
3153,4
3154,1
3155,0
3156,1
3157,0
3158,0
3159,4
3160,1
3161,4
3162,4
3163,4
3164,1
3165,4
3166,1
3167,4
3168,1
3169,1
3170,4
3171,4
3172,4
3173,4
3174,4
3175,0
3176,4
3177,4
3178,1
3179,4
3180,0
3181,4
3182,4
3183,0
3184,4
3185,0
3186,0
3187,4
3188,1
3189,0
3190,4
3191,4
3192,1
3193,0
3194,4
3195,4
3196,1
3197,4
3198,1
3199,4
3200,1
3201,4
3202,1
3203,4
3204,1
3205,4
3206,4
3207,1
3208,4
3209,4
3210,1
3211,4
3212,4
3213,1
3214,0
3215,4
3216,4
3217,1
3218,1
3219,4
3220,4
3221,0
3222,0
3223,4
3224,4
3225,0
3226,0
3227,4
3228,4
3229,4
3230,1
3231,4
3232,1
3233,0
3234,0
3235,0
3236,1
3237,4
3238,4
3239,0
3240,4
3241,0
3242,4
3243,1
3244,4
3245,1
3246,4
3247,0
3248,4
3249,1
3250,1
3251,1
3252,4
3253,1
3254,4
3255,4
3256,4
3257,1
3258,4
3259,4
3260,4
3261,1
3262,4
3263,0
3264,4
3265,4
3266,4
3267,4
3268,0
3269,1
3270,0
3271,4
3272,1
3273,4
3274,4
3275,4
3276,0
3277,4
3278,1
3279,1
3280,4
3281,4
3282,4
3283,4
3284,4
3285,1
3286,4
3287,0
3288,4
3289,1
3290,1
3291,0
3292,4
3293,4
3294,4
3295,1
3296,4
3297,4
3298,0
3299,1
3300,0
3301,1
3302,4
3303,1
3304,4
3305,1
3306,4
3307,4
3308,0
3309,1
3310,1
3311,1
3312,4
3313,1
3314,1
3315,4
3316,4
3317,4
3318,4
3319,4
3320,4
3321,1
3322,4
3323,4
3324,1
3325,1
3326,4
3327,0
3328,14
3329,9
3330,9
3331,9
3332,0
3333,7
3334,12
3335,3
3336,14
3337,8
3338,9
3339,15
3340,15
3341,15
3342,15
3343,15
3344,15
3345,15
3346,15
3347,15
3348,9
3349,15
3350,15
3351,0
3352,0
3353,14
3354,15
3355,15
3356,15
3357,15
3358,15
3359,14
3360,12
3361,0
3362,15
3363,15
3364,9
3365,7
3366,15
3367,15
3368,15
3369,15
3370,15
3371,15
3372,15
3373,15
3374,15
3375,15
3376,15
3377,15
3378,15
3379,15
3380,15
3381,15
3382,0
3383,15
3384,15
3385,15
3386,15
3387,15
3388,15
3389,15
3390,15
3391,15
3392,15
3393,15
3394,15
3395,15
3396,15
3397,15
3398,15
3399,15
3400,15
3401,15
3402,15
3403,15
3404,15
3405,15
3406,15
3407,15
3408,15
3409,15
3410,15
3411,15
3412,15
3413,15
3414,15
3415,15
3416,15
3417,15
3418,0
3419,15
3420,15
3421,15
3422,15
3423,15
3424,15
3425,15
3426,15
3427,15
3428,15
3429,15
3430,15
3431,15
3432,15
3433,15
3434,15
3435,15
3436,15
3437,15
3438,15
3439,15
3440,15
3441,15
3442,15
3443,15
3444,15
3445,15
3446,15
3447,15
3448,15
3449,15
3450,15
3451,15
3452,15
3453,15
3454,15
3455,15
3456,15
3457,15
3458,15
3459,15
3460,15
3461,15
3462,15
3463,15
3464,15
3465,15
3466,15
3467,15
3468,15
3469,15
3470,15
3471,15
3472,15
3473,15
3474,15
3475,15
3476,15
3477,15
3478,15
3479,15
3480,15
3481,15
3482,15
3483,15
3484,15
3485,15
3486,15
3487,15
3488,15
3489,15
3490,15
3491,15
3492,15
3493,15
3494,15
3495,15
3496,15
3497,15
3498,15
3499,15
3500,0
3501,15
3502,15
3503,15
3504,15
3505,15
3506,15
3507,15
3508,15
3509,15
3510,15
3511,15
3512,15
3513,15
3514,15
3515,15
3516,15
3517,15
3518,15
3519,15
3520,15
3521,15
3522,15
3523,15
3524,15
3525,15
3526,15
3527,15
3528,15
3529,15
3530,15
3531,15
3532,15
3533,15
3534,15
3535,15
3536,15
3537,15
3538,15
3539,15
3540,15
3541,15
3542,15
3543,15
3544,15
3545,15
3546,15
3547,15
3548,15
3549,15
3550,15
3551,15
3552,15
3553,15
3554,15
3555,15
3556,15
3557,15
3558,15
3559,15
3560,15
3561,15
3562,15
3563,15
3564,15
3565,15
3566,15
3567,15
3568,15
3569,15
3570,15
3571,15
3572,15
3573,15
3574,15
3575,15
3576,15
3577,15
3578,15
3579,15
3580,15
3581,15
3582,15
3583,15
3584,15
3585,15
3586,15
3587,15
3588,15
3589,8
3590,6
3591,7
3592,9
3593,15
3594,0
3595,15
3596,15
3597,15
3598,15
3599,9
3600,0
3601,15
3602,0
3603,15
3604,15
3605,9
3606,15
3607,0
3608,15
3609,15
3610,15
3611,9
3612,11
3613,14
3614,0
3615,15
3616,10
3617,12
3618,2
3619,4
3620,11
3621,4
3622,7
3623,1
3624,11
3625,10
3626,9
3627,15
3628,15
3629,10
3630,15
3631,4
3632,15
3633,4
3634,10
3635,14
3636,12
3637,0
3638,15
3639,12
3640,11
3641,0
3642,1
3643,10
3644,11
3645,12
3646,13
3647,5
3648,15
3649,9
3650,0
3651,12
3652,10
3653,15
3654,15
3655,15
3656,13
3657,0
3658,10
3659,11
3660,13
3661,10
3662,11
3663,15
3664,10
3665,14
3666,13
3667,10
3668,13
3669,9
3670,13
3671,4
3672,10
3673,11
3674,15
3675,9
3676,11
3677,13
3678,13
3679,0
3680,9
3681,5
3682,0
3683,15
3684,0
3685,15
3686,11
3687,9
3688,15
3689,12
3690,4
3691,4
3692,11
3693,10
3694,14
3695,5
3696,15
3697,9
3698,5
3699,9
3700,15
3701,4
3702,15
3703,12
3704,11
3705,15
3706,15
3707,1
3708,10
3709,14
3710,0
3711,15
3712,14
3713,10
3714,1
3715,4
3716,2
3717,11
3718,11
3719,11
3720,5
3721,4
3722,15
3723,13
3724,15
3725,0
3726,15
3727,11
3728,12
3729,11
3730,2
3731,11
3732,9
3733,5
3734,1
3735,10
3736,1
3737,13
3738,12
3739,5
3740,15
3741,5
3742,4
3743,5
3744,4
3745,9
3746,1
3747,5
3748,11
3749,15
3750,11
3751,1
3752,0
3753,4
3754,0
3755,11
3756,12
3757,10
3758,10
3759,4
3760,15
3761,15
3762,1
3763,10
3764,9
3765,5
3766,0
3767,0
3768,15
3769,4
3770,4
3771,5
3772,9
3773,14
3774,12
3775,5
3776,10
3777,13
3778,15
3779,15
3780,15
3781,9
3782,10
3783,9
3784,11
3785,14
3786,11
3787,15
3788,13
3789,0
3790,12
3791,2
3792,0
3793,0
3794,0
3795,0
3796,15
3797,0
3798,0
3799,0
3800,0
3801,0
3802,3
3803,0
3804,0
3805,0
3806,0
3807,0
3808,0
3809,0
3810,0
3811,0
3812,0
3813,0
3814,0
3815,6
3816,0
3817,3
3818,11
3819,3
3820,15
3821,15
3822,15
3823,15
3824,15
3825,15
3826,15
3827,6
3828,0
3829,0
3830,0
3831,0
3832,0
3833,6
3834,0
3835,15
3836,15
3837,15
3838,11
3839,11
3840,11
3841,11
3842,15
3843,15
3844,0
3845,3
3846,15
3847,15
3848,3
3849,11
3850,0
3851,0
3852,0
3853,0
3854,15
3855,9
3856,9
3857,15
3858,15
3859,15
3860,15
3861,15
3862,15
3863,15
3864,9
3865,15
3866,0
3867,15
3868,0
3869,6
3870,0
3871,0
3872,0
3873,0
3874,0
3875,0
3876,0
3877,0
3878,0
3879,0
3880,0
3881,0
3882,0
3883,0
3884,15
3885,15
3886,15
3887,15
3888,15
3889,15
3890,15
3891,0
3892,0
3893,15
3894,11
3895,15
3896,11
3897,3
3898,3
3899,3
3900,3
3901,3
3902,15
3903,3
3904,3
3905,15
3906,15
3907,15
3908,15
3909,15
3910,15
3911,15
3912,3
3913,15
3914,15
3915,0
3916,15
3917,15
3918,15
3919,15
3920,15
3921,15
3922,15
3923,3
3924,3
3925,3
3926,3
3927,9
3928,15
3929,15
3930,6
3931,3
3932,3
3933,3
3934,3
3935,15
3936,15
3937,15
3938,15
3939,15
3940,15
3941,15
3942,15
3943,3
3944,0
3945,0
3946,0
3947,0
3948,0
3949,0
3950,0
3951,0
3952,0
3953,0
3954,15
3955,0
3956,0
3957,15
3958,0
3959,0
3960,0
3961,0
3962,0
3963,0
3964,0
3965,0
3966,0
3967,0
3968,15
3969,0
3970,0
3971,0
3972,15
3973,15
3974,0
3975,0
3976,15
3977,15
3978,0
3979,3
3980,15
3981,15
3982,15
3983,15
3984,15
3985,0
3986,15
3987,0
3988,15
3989,15
3990,15
3991,3
3992,3
3993,15
3994,15
3995,15
3996,15
3997,3
3998,7
3999,3
4000,15
4001,0
4002,3
4003,0
4004,3
4005,3
4006,3
4007,15
4008,0
4009,0
4010,0
4011,0
4012,0
4013,0
4014,0
4015,3
4016,0
4017,0
4018,0
4019,0
4020,0
4021,0
4022,0
4023,0
4024,0
4025,0
4026,0
4027,0
4028,0
4029,0
4030,0
4031,0
4032,0
4033,0
4034,0
4035,0
4036,0
4037,0
4038,0
4039,0
4040,0
4041,0
4042,0
4043,0
4044,0
4045,0
4046,15
4047,15
4048,15
4049,15
4050,15
4051,15
4052,0
4053,0
4054,0
4055,0
4056,0
4057,15
4058,0
4059,0
4060,0
4061,0
4062,15
4063,0
4064,0
4065,15
4066,15
4067,15
4068,15
4069,15
4070,0
4071,15
4072,0
4073,15
4074,0
4075,15
4076,15
4077,15
4078,0
4079,0
4080,0
4081,6
4082,0
4083,8
4084,0
4085,0
4086,0
4087,0
4088,0
4089,6
4090,0
4091,0
4092,0
4093,15
4094,0
4095,15
4096,15
4097,3
4098,11
4099,15
4100,0
4101,15
4102,15
4103,15
4104,15
4105,15
4106,15
4107,0
4108,15
4109,15
4110,15
4111,15
4112,15
4113,15
4114,15
4115,15
4116,15
4117,15
4118,15
4119,15
4120,15
4121,15
4122,15
4123,15
4124,15
4125,15
4126,15
4127,15
4128,15
4129,15
4130,15
4131,15
4132,0
4133,0
4134,0
4135,15
4136,15
4137,15
4138,15
4139,15
4140,15
4141,15
4142,15
4143,0
4144,15
4145,15
4146,15
4147,15
4148,15
4149,15
4150,15
4151,15
4152,0
4153,0
4154,0
4155,3
4156,0
4157,0
4158,0
4159,0
4160,0
4161,0
4162,0
4163,0
4164,0
4165,0
4166,0
4167,0
4168,0
4169,0
4170,0
4171,0
4172,0
4173,0
4174,0
4175,0
4176,0
4177,0
4178,0
4179,0
4180,0
4181,0
4182,0
4183,0
4184,0
4185,0
4186,0
4187,0
4188,6
4189,0
4190,0
4191,3
4192,3
4193,6
4194,8
4195,15
4196,15
4197,15
4198,15
4199,15
4200,15
4201,15
4202,15
4203,15
4204,15
4205,11
4206,11
4207,11
4208,11
4209,15
4210,11
4211,11
4212,15
4213,15
4214,15
4215,15
4216,15
4217,15
4218,15
4219,15
4220,15
4221,11
4222,3
4223,3
4224,3
4225,3
4226,3
4227,3
4228,3
4229,3
4230,3
4231,3
4232,15
4233,15
4234,15
4235,15
4236,15
4237,15
4238,15
4239,15
4240,15
4241,15
4242,15
4243,15
4244,15
4245,15
4246,12
4247,0
4248,15
4249,0
4250,15
4251,15
4252,6
4253,6
4254,6
4255,6
4256,6
4257,15
4258,3
4259,3
4260,3
4261,3
4262,3
4263,3
4264,3
4265,3
4266,3
4267,3
4268,15
4269,3
4270,3
4271,3
4272,3
4273,15
4274,3
4275,15
4276,15
4277,15
4278,15
4279,15
4280,15
4281,15
4282,15
4283,15
4284,15
4285,15
4286,15
4287,15
4288,0
4289,0
4290,0
4291,0
4292,15
4293,15
4294,15
4295,15
4296,15
4297,15
4298,15
4299,15
4300,0
4301,0
4302,0
4303,0
4304,0
4305,0
4306,0
4307,15
4308,0
4309,0
4310,15
4311,15
4312,12
4313,15
4314,15
4315,15
4316,15
4317,15
4318,15
4319,15
4320,9
4321,9
4322,9
4323,15
4324,15
4325,9
4326,9
4327,15
4328,15
4329,15
4330,15
4331,7
4332,15
4333,15
4334,15
4335,15
4336,15
4337,15
4338,15
4339,15
4340,15
4341,15
4342,15
4343,15
4344,15
4345,15
4346,15
4347,15
4348,15
4349,15
4350,15
4351,15
4352,0
4353,0
4354,12
4355,0
4356,0
4357,0
4358,0
4359,0
4360,0
4361,0
4362,0
4363,0
4364,0
4365,0
4366,0
4367,0
4368,0
4369,0
4370,0
4371,0
4372,12
4373,0
4374,0
4375,0
4376,0
4377,15
4378,0
4379,0
4380,0
4381,0
4382,0
4383,0
4384,0
4385,0
4386,0
4387,0
4388,0
4389,0
4390,0
4391,0
4392,0
4393,0
4394,0
4395,15
4396,0
4397,3
4398,0
4399,0
4400,0
4401,0
4402,0
4403,0
4404,0
4405,0
4406,0
4407,0
4408,12
4409,0
4410,12
4411,0
4412,0
4413,0
4414,0
4415,0
4416,0
4417,0
4418,0
4419,0
4420,0
4421,0
4422,0
4423,0
4424,0
4425,0
4426,0
4427,0
4428,0
4429,0
4430,0
4431,0
4432,0
4433,0
4434,0
4435,0
4436,15
4437,15
4438,15
4439,15
4440,3
4441,15
4442,15
4443,15
4444,15
4445,15
4446,15
4447,15
4448,15
4449,15
4450,15
4451,15
4452,15
4453,15
4454,15
4455,15
4456,15
4457,15
4458,15
4459,15
4460,0
4461,15
4462,15
4463,15
4464,15
4465,15
4466,15
4467,15
4468,15
4469,11
4470,15
4471,15
4472,15
4473,15
4474,15
4475,15
4476,15
4477,15
4478,15
4479,11
4480,11
4481,11
4482,11
4483,11
4484,11
4485,11
4486,11
4487,11
4488,11
4489,15
4490,6
4491,11
4492,11
4493,11
4494,15
4495,11
4496,11
4497,11
4498,11
4499,15
4500,15
4501,15
4502,15
4503,15
4504,11
4505,3
4506,15
4507,0
4508,15
4509,15
4510,15
4511,15
4512,15
4513,15
4514,15
4515,15
4516,15
4517,15
4518,15
4519,15
4520,15
4521,3
4522,3
4523,3
4524,3
4525,3
4526,3
4527,3
4528,3
4529,3
4530,3
4531,3
4532,3
4533,3
4534,15
4535,15
4536,3
4537,3
4538,11
4539,3
4540,3
4541,3
4542,3
4543,3
4544,3
4545,3
4546,15
4547,3
4548,3
4549,3
4550,3
4551,3
4552,3
4553,3
4554,3
4555,3
4556,3
4557,3
4558,11
4559,0
4560,0
4561,3
4562,3
4563,3
4564,11
4565,11
4566,3
4567,3
4568,3
4569,15
4570,15
4571,15
4572,3
4573,11
4574,11
4575,15
4576,15
4577,11
4578,15
4579,15
4580,15
4581,0
4582,15
4583,15
4584,15
4585,15
4586,15
4587,15
4588,15
4589,15
4590,15
4591,15
4592,15
4593,0
4594,0
4595,15
4596,15
4597,15
4598,15
4599,15
4600,0
4601,0
4602,0
4603,15
4604,3
4605,3
4606,15
4607,3
4608,3
4609,3
4610,3
4611,3
4612,3
4613,3
4614,6
4615,0
4616,0
4617,0
4618,0
4619,0
4620,0
4621,0
4622,0
4623,0
4624,0
4625,0
4626,0
4627,0
4628,0
4629,0
4630,0
4631,0
4632,15
4633,15
4634,0
4635,0
4636,15
4637,15
4638,15
4639,3
4640,7
4641,15
4642,15
4643,15
4644,15
4645,15
4646,15
4647,15
4648,15
4649,15
4650,15
4651,9
4652,15
4653,9
4654,15
4655,9
4656,9
4657,9
4658,9
4659,3
4660,15
4661,3
4662,3
4663,3
4664,3
4665,3
4666,3
4667,3
4668,15
4669,15
4670,15
4671,11
4672,15
4673,15
4674,3
4675,15
4676,15
4677,15
4678,15
4679,15
4680,15
4681,0
4682,15
4683,15
4684,15
4685,3
4686,15
4687,3
4688,15
4689,15
4690,0
4691,15
4692,0
4693,15
4694,15
4695,15
4696,15
4697,0
4698,15
4699,15
4700,15
4701,15
4702,15
4703,15
4704,15
4705,15
4706,15
4707,15
4708,15
4709,11
4710,0
4711,0
4712,0
4713,3
4714,0
4715,0
4716,15
4717,3
4718,15
4719,15
4720,15
4721,15
4722,0
4723,0
4724,15
4725,15
4726,15
4727,15
4728,15
4729,3
4730,3
4731,3
4732,3
4733,3
4734,15
4735,15
4736,15
4737,3
4738,9
4739,15
4740,15
4741,9
4742,9
4743,9
4744,9
4745,15
4746,15
4747,15
4748,15
4749,15
4750,15
4751,15
4752,15
4753,15
4754,15
4755,15
4756,15
4757,3
4758,3
4759,12
4760,3
4761,3
4762,15
4763,3
4764,3
4765,3
4766,3
4767,15
4768,3
4769,3
4770,15
4771,15
4772,15
4773,15
4774,15
4775,15
4776,15
4777,15
4778,15
4779,15
4780,15
4781,15
4782,15
4783,15
4784,15
4785,15
4786,15
4787,15
4788,15
4789,15
4790,15
4791,15
4792,4
4793,4
4794,4
4795,4
4796,13
4797,13
4798,13
4799,13
4800,13
4801,13
4802,14
4803,14
4804,14
4805,14
4806,14
4807,14
4808,14
4809,14
4810,14
4811,14
4812,14
4813,14
4814,4
4815,4
4816,14
4817,0
4818,0
4819,0
4820,14
4821,0
4822,14
4823,14
4824,14
4825,4
4826,15
4827,15
4828,14
4829,14
4830,14
4831,14
4832,14
4833,13
4834,4
4835,15
4836,15
4837,15
4838,15
4839,15
4840,15
4841,15
4842,15
4843,15
4844,15
4845,15
4846,15
4847,15
4848,15
4849,15
4850,15
4851,15
4852,10
4853,10
4854,10
4855,10
4856,10
4857,10
4858,10
4859,10
4860,10
4861,10
4862,10
4863,10
4864,10
4865,10
4866,13
4867,13
4868,13
4869,13
4870,13
4871,13
4872,13
4873,0
4874,4
4875,4
4876,4
4877,4
4878,4
4879,4
4880,0
4881,4
4882,4
4883,4
4884,4
4885,4
4886,4
4887,4
4888,4
4889,4
4890,4
4891,4
4892,4
4893,4
4894,4
4895,4
4896,4
4897,13
4898,13
4899,13
4900,13
4901,13
4902,13
4903,13
4904,14
4905,14
4906,14
4907,14
4908,14
4909,14
4910,14
4911,14
4912,14
4913,14
4914,14
4915,14
4916,14
4917,14
4918,14
4919,14
4920,14
4921,14
4922,14
4923,14
4924,14
4925,14
4926,14
4927,14
4928,14
4929,14
4930,14
4931,14
4932,14
4933,4
4934,4
4935,4
4936,4
4937,14
4938,14
4939,14
4940,14
4941,14
4942,14
4943,0
4944,0
4945,0
4946,0
4947,0
4948,0
4949,0
4950,0
4951,0
4952,0
4953,0
4954,4
4955,0
4956,0
4957,0
4958,4
4959,14
4960,14
4961,14
4962,14
4963,14
4964,15
4965,15
4966,4
4967,4
4968,15
4969,15
4970,15
4971,15
4972,14
4973,14
4974,14
4975,14
4976,14
4977,14
4978,14
4979,14
4980,14
4981,14
4982,14
4983,14
4984,14
4985,14
4986,14
4987,14
4988,14
4989,14
4990,14
4991,14
4992,14
4993,14
4994,14
4995,14
4996,14
4997,14
4998,14
4999,14
5000,14
5001,14
5002,14
5003,14
5004,14
5005,14
5006,13
5007,13
5008,13
5009,13
5010,13
5011,13
5012,13
5013,13
5014,15
5015,15
5016,15
5017,15
5018,15
5019,15
5020,15
5021,15
5022,15
5023,15
5024,15
5025,15
5026,15
5027,15
5028,15
5029,15
5030,15
5031,15
5032,15
5033,15
5034,15
5035,15
5036,15
5037,15
5038,15
5039,15
5040,15
5041,15
5042,15
5043,15
5044,15
5045,15
5046,15
5047,15
5048,15
5049,15
5050,15
5051,15
5052,15
5053,15
5054,15
5055,15
5056,15
5057,15
5058,15
5059,15
5060,15
5061,15
5062,15
5063,15
5064,15
5065,15
5066,15
5067,15
5068,15
5069,15
5070,15
5071,15
5072,15
5073,15
5074,15
5075,15
5076,15
5077,15
5078,15
5079,15
5080,15
5081,15
5082,15
5083,15
5084,15
5085,15
5086,15
5087,15
5088,15
5089,15
5090,15
5091,15
5092,15
5093,15
5094,15
5095,15
5096,15
5097,15
5098,15
5099,15
5100,15
5101,15
5102,15
5103,15
5104,15
5105,15
5106,15
5107,15
5108,15
5109,10
5110,10
5111,10
5112,10
5113,10
5114,10
5115,10
5116,10
5117,10
5118,10
5119,10
5120,10
5121,10
5122,10
5123,10
5124,10
5125,10
5126,10
5127,10
5128,10
5129,10
5130,10
5131,10
5132,10
5133,10
5134,10
5135,10
5136,10
5137,10
5138,10
5139,10
5140,10
5141,10
5142,10
5143,10
5144,10
5145,10
5146,10
5147,10
5148,10
5149,10
5150,10
5151,10
5152,10
5153,10
5154,10
5155,10
5156,10
5157,10
5158,10
5159,10
5160,10
5161,10
5162,10
5163,10
5164,10
5165,10
5166,10
5167,10
5168,10
5169,10
5170,10
5171,13
5172,13
5173,13
5174,13
5175,13
5176,13
5177,13
5178,13
5179,13
5180,13
5181,13
5182,13
5183,13
5184,13
5185,13
5186,13
5187,13
5188,13
5189,13
5190,13
5191,13
5192,0
5193,0
5194,0
5195,0
5196,0
5197,0
5198,0
5199,0
5200,0
5201,0
5202,4
5203,4
5204,4
5205,4
5206,4
5207,4
5208,4
5209,4
5210,4
5211,4
5212,4
5213,4
5214,4
5215,4
5216,4
5217,4
5218,4
5219,4
5220,4
5221,4
5222,4
5223,4
5224,4
5225,4
5226,4
5227,4
5228,4
5229,4
5230,4
5231,4
5232,4
5233,4
5234,4
5235,4
5236,4
5237,4
5238,4
5239,4
5240,0
5241,0
5242,0
5243,4
5244,0
5245,0
5246,4
5247,4
5248,4
5249,0
5250,4
5251,4
5252,14
5253,14
5254,14
5255,14
5256,4
5257,14
5258,15
5259,14
5260,15
5261,15
5262,15
5263,15
5264,15
5265,10
5266,10
5267,10
5268,0
5269,0
5270,4
5271,4
5272,4
5273,1
5274,0
5275,0
5276,1
5277,4
5278,1
5279,4
5280,4
5281,4
5282,1
5283,1
5284,4
5285,0
5286,1
5287,4
5288,0
5289,4
5290,4
5291,4
5292,0
5293,0
5294,1
5295,4
5296,1
5297,1
5298,4
5299,0
5300,1
5301,4
5302,1
5303,4
5304,1
5305,4
5306,1
5307,1
5308,4
5309,0
5310,4
5311,1
5312,4
5313,4
5314,4
5315,0
5316,0
5317,4
5318,4
5319,1
5320,4
5321,4
5322,1
5323,4
5324,1
5325,4
5326,0
5327,0
5328,1
5329,0
5330,4
5331,4
5332,1
5333,4
5334,4
5335,0
5336,4
5337,4
5338,1
5339,1
5340,4
5341,1
5342,4
5343,4
5344,1
5345,1
5346,0
5347,4
5348,4
5349,4
5350,4
5351,4
5352,1
5353,1
5354,4
5355,0
5356,1
5357,0
5358,4
5359,0
5360,4
5361,4
5362,4
5363,4
5364,0
5365,4
5366,1
5367,4
5368,4
5369,1
5370,4
5371,4
5372,0
5373,0
5374,1
5375,4
5376,1
5377,1
5378,1
5379,0
5380,0
5381,4
5382,0
5383,1
5384,1
5385,4
5386,4
5387,4
5388,4
5389,1
5390,1
5391,1
5392,4
5393,0
5394,4
5395,0
5396,4
5397,4
5398,4
5399,1
5400,0
5401,1
5402,0
5403,1
5404,0
5405,4
5406,1
5407,4
5408,1
5409,4
5410,4
5411,0
5412,4
5413,0
5414,4
5415,1
5416,1
5417,0
5418,1
5419,4
5420,1
5421,1
5422,1
5423,1
5424,0
5425,4
5426,4
5427,4
5428,0
5429,1
5430,0
5431,4
5432,1
5433,4
5434,1
5435,4
5436,0
5437,0
5438,1
5439,0
5440,4
5441,4
5442,4
5443,0
5444,4
5445,4
5446,0
5447,4
5448,1
5449,4
5450,4
5451,0
5452,1
5453,1
5454,0
5455,4
5456,1
5457,1
5458,4
5459,4
5460,1
5461,4
5462,4
5463,1
5464,0
5465,4
5466,1
5467,1
5468,0
5469,0
5470,4
5471,4
5472,10
5473,10
5474,10
5475,10
5476,10
5477,10
5478,10
5479,9
5480,10
5481,9
5482,10
5483,10
5484,10
5485,10
5486,10
5487,10
5488,10
5489,10
5490,9
5491,10
5492,9
5493,10
5494,10
5495,10
5496,10
5497,9
5498,10
5499,10
5500,10
5501,10
5502,10
5503,10
5504,9
5505,10
5506,10
5507,10
5508,10
5509,10
5510,10
5511,10
5512,10
5513,10
5514,10
5515,10
5516,10
5517,9
5518,10
5519,10
5520,10
5521,10
5522,10
5523,10
5524,10
5525,10
5526,10
5527,10
5528,10
5529,10
5530,10
5531,10
5532,10
5533,10
5534,10
5535,10
5536,10
5537,10
5538,10
5539,10
5540,10
5541,10
5542,10
5543,10
5544,10
5545,10
5546,10
5547,10
5548,10
5549,10
5550,10
5551,10
5552,10
5553,10
5554,10
5555,9
5556,10
5557,10
5558,10
5559,10
5560,10
5561,10
5562,10
5563,10
5564,10
5565,10
5566,9
5567,9
5568,10
5569,10
5570,10
5571,10
5572,10
5573,10
5574,10
5575,10
5576,10
5577,10
5578,10
5579,10
5580,10
5581,10
5582,10
5583,10
5584,10
5585,10
5586,10
5587,10
5588,10
5589,10
5590,10
5591,10
5592,10
5593,10
5594,10
5595,10
5596,10
5597,10
5598,10
5599,10
5600,10
5601,10
5602,9
5603,10
5604,10
5605,10
5606,10
5607,10
5608,10
5609,10
5610,10
5611,10
5612,10
5613,10
5614,10
5615,10
5616,10
5617,10
5618,10
5619,10
5620,10
5621,10
5622,10
5623,10
5624,10
5625,10
5626,10
5627,10
5628,10
5629,10
5630,10
5631,10
5632,10
5633,9
5634,10
5635,10
5636,10
5637,10
5638,10
5639,10
5640,10
5641,10
5642,10
5643,10
5644,10
5645,10
5646,10
5647,10
5648,10
5649,10
5650,9
5651,10
5652,10
5653,10
5654,10
5655,10
5656,10
5657,10
5658,10
5659,10
5660,10
5661,11
5662,11
5663,11
5664,11
5665,11
5666,11
5667,11
5668,11
5669,11
5670,11
5671,11
5672,11
5673,11
5674,11
5675,11
5676,11
5677,11
5678,11
5679,11
5680,11
5681,11
5682,11
5683,11
5684,11
5685,11
5686,11
5687,5
5688,11
5689,11
5690,11
5691,11
5692,11
5693,11
5694,11
5695,11
5696,11
5697,11
5698,11
5699,11
5700,11
5701,11
5702,11
5703,11
5704,11
5705,11
5706,11
5707,11
5708,11
5709,11
5710,11
5711,11
5712,11
5713,11
5714,11
5715,11
5716,11
5717,11
5718,11
5719,11
5720,11
5721,11
5722,11
5723,11
5724,11
5725,11
5726,11
5727,11
5728,11
5729,11
5730,11
5731,11
5732,11
5733,11
5734,11
5735,11
5736,11
5737,11
5738,11
5739,11
5740,11
5741,11
5742,11
5743,11
5744,11
5745,11
5746,11
5747,11
5748,11
5749,11
5750,11
5751,11
5752,11
5753,11
5754,11
5755,11
5756,11
5757,11
5758,11
5759,11
5760,11
5761,11
5762,11
5763,11
5764,11
5765,11
5766,11
5767,11
5768,11
5769,11
5770,11
5771,11
5772,11
5773,11
5774,11
5775,11
5776,11
5777,11
5778,11
5779,11
5780,11
5781,3
5782,11
5783,11
5784,11
5785,11
5786,11
5787,11
5788,11
5789,11
5790,11
5791,11
5792,11
5793,11
5794,11
5795,11
5796,11
5797,11
5798,11
5799,11
5800,11
5801,11
5802,11
5803,11
5804,11
5805,11
5806,11
5807,11
5808,11
5809,11
5810,11
5811,11
5812,11
5813,11
5814,11
5815,11
5816,11
5817,11
5818,11
5819,11
5820,11
5821,11
5822,11
5823,11
5824,11
5825,11
5826,11
5827,11
5828,11
5829,11
5830,11
5831,11
5832,11
5833,11
5834,11
5835,11
5836,11
5837,11
5838,11
5839,11
5840,11
5841,11
5842,11
5843,11
5844,14
5845,14
5846,14
5847,14
5848,14
5849,14
5850,14
5851,14
5852,14
5853,14
5854,14
5855,14
5856,14
5857,14
5858,14
5859,14
5860,14
5861,14
5862,14
5863,14
5864,14
5865,14
5866,14
5867,14
5868,14
5869,14
5870,14
5871,14
5872,14
5873,14
5874,14
5875,14
5876,14
5877,14
5878,14
5879,14
5880,14
5881,14
5882,14
5883,14
5884,14
5885,14
5886,14
5887,14
5888,14
5889,14
5890,14
5891,14
5892,14
5893,14
5894,14
5895,14
5896,14
5897,14
5898,14
5899,14
5900,14
5901,14
5902,14
5903,14
5904,14
5905,14
5906,14
5907,14
5908,14
5909,14
5910,14
5911,14
5912,14
5913,14
5914,14
5915,14
5916,14
5917,14
5918,14
5919,14
5920,14
5921,14
5922,14
5923,14
5924,14
5925,14
5926,14
5927,14
5928,14
5929,14
5930,14
5931,14
5932,14
5933,14
5934,14
5935,14
5936,14
5937,14
5938,14
5939,14
5940,14
5941,14
5942,14
5943,14
5944,14
5945,14
5946,14
5947,14
5948,14
5949,14
5950,14
5951,14
5952,14
5953,14
5954,14
5955,14
5956,14
5957,14
5958,14
5959,14
5960,14
5961,14
5962,14
5963,14
5964,14
5965,14
5966,14
5967,14
5968,14
5969,14
5970,14
5971,14
5972,14
5973,14
5974,14
5975,14
5976,0
5977,14
5978,14
5979,14
5980,14
5981,14
5982,14
5983,14
5984,14
5985,14
5986,14
5987,14
5988,14
5989,14
5990,14
5991,14
5992,14
5993,14
5994,14
5995,14
5996,14
5997,14
5998,14
5999,14
6000,14
6001,14
6002,14
6003,14
6004,14
6005,14
6006,14
6007,14
6008,14
6009,14
6010,14
6011,14
6012,14
6013,14
6014,14
6015,13
6016,13
6017,13
6018,13
6019,13
6020,13
6021,13
6022,13
6023,13
6024,13
6025,13
6026,13
6027,13
6028,13
6029,13
6030,13
6031,13
6032,13
6033,13
6034,13
6035,13
6036,13
6037,13
6038,13
6039,13
6040,13
6041,13
6042,13
6043,13
6044,13
6045,13
6046,13
6047,13
6048,13
6049,13
6050,13
6051,13
6052,13
6053,13
6054,13
6055,13
6056,13
6057,13
6058,13
6059,13
6060,13
6061,13
6062,13
6063,13
6064,13
6065,13
6066,13
6067,13
6068,13
6069,13
6070,13
6071,13
6072,13
6073,13
6074,13
6075,13
6076,13
6077,13
6078,13
6079,13
6080,13
6081,13
6082,13
6083,13
6084,13
6085,13
6086,13
6087,13
6088,13
6089,13
6090,13
6091,13
6092,13
6093,13
6094,13
6095,13
6096,13
6097,13
6098,13
6099,13
6100,13
6101,13
6102,13
6103,13
6104,13
6105,13
6106,13
6107,13
6108,13
6109,13
6110,13
6111,13
6112,13
6113,13
6114,13
6115,13
6116,13
6117,13
6118,13
6119,13
6120,13
6121,13
6122,13
6123,13
6124,13
6125,13
6126,13
6127,13
6128,13
6129,13
6130,13
6131,13
6132,13
6133,13
6134,13
6135,13
6136,13
6137,13
6138,13
6139,13
6140,13
6141,13
6142,13
6143,13
6144,13
6145,13
6146,13
6147,13
6148,13
6149,13
6150,13
6151,13
6152,13
6153,13
6154,13
6155,13
6156,13
6157,13
6158,13
6159,13
6160,13
6161,13
6162,13
6163,13
6164,13
6165,13
6166,13
6167,13
6168,13
6169,13
6170,13
6171,13
6172,13
6173,13
6174,13
6175,13
6176,13
6177,13
6178,13
6179,13
6180,13
6181,13
6182,13
6183,13
6184,13
6185,13
6186,13
6187,13
6188,13
6189,13
6190,13
6191,13
6192,15
6193,15
6194,15
6195,15
6196,15
6197,15
6198,15
6199,15
6200,0
6201,15
6202,15
6203,15
6204,15
6205,15
6206,15
6207,15
6208,15
6209,15
6210,15
6211,15
6212,15
6213,15
6214,15
6215,15
6216,15
6217,15
6218,15
6219,15
6220,15
6221,15
6222,15
6223,15
6224,15
6225,15
6226,15
6227,15
6228,15
6229,15
6230,15
6231,15
6232,15
6233,15
6234,15
6235,15
6236,15
6237,15
6238,15
6239,15
6240,15
6241,15
6242,15
6243,15
6244,15
6245,15
6246,15
6247,15
6248,15
6249,15
6250,15
6251,15
6252,15
6253,15
6254,15
6255,15
6256,15
6257,15
6258,15
6259,15
6260,15
6261,15
6262,15
6263,15
6264,15
6265,15
6266,15
6267,15
6268,15
6269,15
6270,15
6271,15
6272,0
6273,15
6274,15
6275,15
6276,15
6277,15
6278,15
6279,15
6280,15
6281,15
6282,15
6283,15
6284,15
6285,15
6286,15
6287,15
6288,15
6289,15
6290,15
6291,15
6292,15
6293,15
6294,15
6295,15
6296,15
6297,15
6298,15
6299,15
6300,15
6301,15
6302,15
6303,15
6304,15
6305,15
6306,15
6307,15
6308,15
6309,15
6310,15
6311,15
6312,15
6313,15
6314,15
6315,15
6316,15
6317,0
6318,15
6319,15
6320,15
6321,15
6322,15
6323,15
6324,15
6325,15
6326,15
6327,15
6328,15
6329,15
6330,15
6331,15
6332,15
6333,15
6334,15
6335,15
6336,15
6337,15
6338,15
6339,15
6340,15
6341,15
6342,15
6343,15
6344,15
6345,15
6346,15
6347,15
6348,15
6349,15
6350,15
6351,15
6352,15
6353,15
6354,15
6355,15
6356,15
6357,15
6358,15
6359,15
6360,15
6361,15
6362,15
6363,15
6364,15
6365,15
6366,15
6367,15
6368,15
6369,15
6370,15
6371,15
6372,15
6373,15
6374,15
6375,15
6376,2
6377,2
6378,2
6379,5
6380,5
6381,5
6382,5
6383,2
6384,2
6385,5
6386,5
6387,2
6388,2
6389,5
6390,2
6391,5
6392,5
6393,5
6394,2
6395,2
6396,2
6397,2
6398,2
6399,2
6400,2
6401,5
6402,2
6403,5
6404,5
6405,2
6406,2
6407,2
6408,5
6409,5
6410,2
6411,5
6412,5
6413,5
6414,2
6415,5
6416,5
6417,2
6418,2
6419,5
6420,2
6421,5
6422,5
6423,2
6424,2
6425,2
6426,5
6427,5
6428,5
6429,5
6430,2
6431,5
6432,2
6433,5
6434,2
6435,5
6436,5
6437,5
6438,2
6439,5
6440,5
6441,5
6442,2
6443,5
6444,5
6445,2
6446,5
6447,2
6448,2
6449,2
6450,5
6451,2
6452,2
6453,5
6454,2
6455,2
6456,5
6457,2
6458,2
6459,2
6460,2
6461,5
6462,5
6463,5
6464,2
6465,5
6466,5
6467,2
6468,2
6469,5
6470,2
6471,5
6472,2
6473,5
6474,2
6475,5
6476,5
6477,2
6478,5
6479,2
6480,5
6481,2
6482,2
6483,5
6484,5
6485,2
6486,2
6487,5
6488,2
6489,5
6490,2
6491,2
6492,2
6493,2
6494,2
6495,2
6496,2
6497,2
6498,2
6499,2
6500,5
6501,5
6502,5
6503,2
6504,2
6505,5
6506,2
6507,5
6508,2
6509,5
6510,5
6511,5
6512,5
6513,5
6514,5
6515,5
6516,2
6517,2
6518,5
6519,2
6520,2
6521,5
6522,2
6523,5
6524,5
6525,5
6526,5
6527,2
6528,2
6529,5
6530,5
6531,2
6532,2
6533,2
6534,5
6535,2
6536,5
6537,5
6538,2
6539,2
6540,5
6541,5
6542,5
6543,5
6544,5
6545,5
6546,5
6547,5
6548,5
6549,2
6550,2
6551,2
6552,5
6553,5
6554,2
6555,5
6556,2
6557,2
6558,12
6559,12
6560,12
6561,12
6562,12
6563,12
6564,12
6565,12
6566,12
6567,12
6568,12
6569,12
6570,12
6571,12
6572,12
6573,12
6574,12
6575,12
6576,12
6577,12
6578,12
6579,12
6580,12
6581,12
6582,12
6583,12
6584,12
6585,12
6586,12
6587,12
6588,12
6589,12
6590,12
6591,12
6592,12
6593,12
6594,12
6595,12
6596,12
6597,12
6598,12
6599,12
6600,12
6601,12
6602,12
6603,12
6604,12
6605,12
6606,12
6607,12
6608,12
6609,12
6610,12
6611,12
6612,12
6613,12
6614,12
6615,12
6616,12
6617,12
6618,12
6619,12
6620,12
6621,12
6622,12
6623,12
6624,12
6625,12
6626,12
6627,12
6628,12
6629,12
6630,12
6631,12
6632,12
6633,12
6634,12
6635,12
6636,12
6637,12
6638,12
6639,12
6640,12
6641,12
6642,12
6643,12
6644,12
6645,12
6646,12
6647,12
6648,12
6649,12
6650,12
6651,12
6652,12
6653,12
6654,12
6655,12
6656,12
6657,12
6658,12
6659,12
6660,12
6661,12
6662,12
6663,12
6664,12
6665,12
6666,12
6667,12
6668,12
6669,12
6670,12
6671,12
6672,12
6673,12
6674,12
6675,12
6676,12
6677,12
6678,12
6679,12
6680,12
6681,12
6682,12
6683,12
6684,12
6685,12
6686,12
6687,12
6688,12
6689,12
6690,12
6691,12
6692,12
6693,12
6694,12
6695,12
6696,12
6697,12
6698,12
6699,12
6700,12
6701,12
6702,12
6703,12
6704,12
6705,12
6706,12
6707,12
6708,12
6709,12
6710,12
6711,12
6712,12
6713,12
6714,12
6715,12
6716,12
6717,12
6718,12
6719,12
6720,12
6721,12
6722,12
6723,12
6724,7
6725,3
6726,3
6727,3
6728,7
6729,3
6730,3
6731,3
6732,7
6733,7
6734,7
6735,7
6736,7
6737,3
6738,7
6739,3
6740,7
6741,3
6742,3
6743,7
6744,3
6745,7
6746,3
6747,7
6748,3
6749,3
6750,7
6751,7
6752,7
6753,3
6754,3
6755,7
6756,3
6757,7
6758,7
6759,7
6760,3
6761,3
6762,7
6763,3
6764,7
6765,7
6766,7
6767,7
6768,7
6769,7
6770,7
6771,7
6772,3
6773,3
6774,7
6775,3
6776,7
6777,3
6778,7
6779,3
6780,0
6781,3
6782,7
6783,3
6784,7
6785,7
6786,3
6787,7
6788,3
6789,3
6790,3
6791,7
6792,7
6793,3
6794,3
6795,7
6796,7
6797,3
6798,7
6799,3
6800,7
6801,3
6802,7
6803,7
6804,3
6805,7
6806,3
6807,7
6808,3
6809,3
6810,3
6811,3
6812,3
6813,7
6814,7
6815,7
6816,3
6817,7
6818,3
6819,3
6820,7
6821,7
6822,7
6823,3
6824,7
6825,7
6826,3
6827,7
6828,3
6829,7
6830,7
6831,7
6832,7
6833,7
6834,7
6835,3
6836,7
6837,3
6838,10
6839,7
6840,7
6841,7
6842,3
6843,3
6844,7
6845,7
6846,7
6847,7
6848,7
6849,7
6850,7
6851,7
6852,3
6853,7
6854,3
6855,7
6856,3
6857,7
6858,3
6859,7
6860,7
6861,3
6862,7
6863,7
6864,3
6865,7
6866,7
6867,3
6868,7
6869,3
6870,7
6871,7
6872,7
6873,7
6874,7
6875,7
6876,7
6877,9
6878,7
6879,7
6880,7
6881,7
6882,3
6883,7
6884,7
6885,3
6886,3
6887,7
6888,7
6889,7
6890,7
6891,8
6892,8
6893,8
6894,6
6895,8
6896,8
6897,8
6898,8
6899,8
6900,6
6901,6
6902,8
6903,8
6904,8
6905,6
6906,6
6907,6
6908,8
6909,8
6910,8
6911,6
6912,8
6913,8
6914,8
6915,8
6916,8
6917,8
6918,8
6919,6
6920,6
6921,6
6922,8
6923,6
6924,6
6925,8
6926,8
6927,8
6928,6
6929,6
6930,8
6931,8
6932,8
6933,6
6934,6
6935,8
6936,6
6937,8
6938,6
6939,6
6940,8
6941,8
6942,8
6943,8
6944,8
6945,8
6946,8
6947,6
6948,6
6949,8
6950,8
6951,8
6952,6
6953,8
6954,8
6955,8
6956,8
6957,8
6958,8
6959,6
6960,8
6961,8
6962,8
6963,8
6964,6
6965,8
6966,8
6967,8
6968,6
6969,6
6970,8
6971,8
6972,6
6973,6
6974,8
6975,8
6976,6
6977,8
6978,8
6979,6
6980,8
6981,8
6982,8
6983,8
6984,8
6985,8
6986,8
6987,8
6988,8
6989,6
6990,6
6991,8
6992,5
6993,8
6994,8
6995,8
6996,8
6997,8
6998,6
6999,8
7000,8
7001,8
7002,6
7003,6
7004,8
7005,8
7006,8
7007,8
7008,8
7009,8
7010,6
7011,8
7012,8
7013,8
7014,8
7015,8
7016,8
7017,8
7018,8
7019,6
7020,8
7021,6
7022,8
7023,8
7024,6
7025,8
7026,8
7027,8
7028,8
7029,8
7030,8
7031,6
7032,8
7033,8
7034,8
7035,8
7036,6
7037,8
7038,8
7039,6
7040,8
7041,5
7042,8
7043,6
7044,8
7045,8
7046,8
7047,8
7048,8
7049,8
7050,6
7051,8
7052,6
7053,8
7054,6
7055,8
7056,8
7057,8
7058,8
7059,8
7060,6
7061,8
7062,8
7063,6
7064,8
7065,8
7066,4
7067,1
7068,4
7069,0
7070,4
7071,4
7072,4
7073,4
7074,0
7075,4
7076,4
7077,4
7078,0
7079,4
7080,4
7081,0
7082,0
7083,0
7084,4
7085,4
7086,0
7087,0
7088,4
7089,4
7090,4
7091,4
7092,4
7093,4
7094,4
7095,0
7096,4
7097,0
7098,0
7099,0
7100,4
7101,4
7102,4
7103,0
7104,4
7105,4
7106,4
7107,4
7108,0
7109,4
7110,0
7111,4
7112,0
7113,0
7114,0
7115,0
7116,0
7117,4
7118,4
7119,4
7120,0
7121,4
7122,4
7123,4
7124,4
7125,0
7126,4
7127,4
7128,4
7129,0
7130,4
7131,0
7132,4
7133,4
7134,4
7135,4
7136,0
7137,4
7138,0
7139,4
7140,4
7141,0
7142,4
7143,0
7144,4
7145,4
7146,4
7147,4
7148,4
7149,0
7150,4
7151,0
7152,4
7153,0
7154,4
7155,0
7156,4
7157,4
7158,4
7159,4
7160,4
7161,4
7162,4
7163,4
7164,4
7165,4
7166,4
7167,4
7168,4
7169,1
7170,1
7171,1
7172,1
7173,1
7174,1
7175,1
7176,1
7177,1
7178,1
7179,1
7180,1
7181,1
7182,4
7183,1
7184,1
7185,1
7186,1
7187,1
7188,1
7189,1
7190,1
7191,1
7192,1
7193,1
7194,1
7195,1
7196,1
7197,1
7198,1
7199,1
7200,1
7201,1
7202,1
7203,1
7204,1
7205,1
7206,1
7207,1
7208,1
7209,1
7210,4
7211,4
7212,1
7213,1
7214,1
7215,1
7216,1
7217,1
7218,1
7219,4
7220,1
7221,1
7222,1
7223,1
7224,1
7225,1
7226,1
7227,1
7228,1
7229,1
7230,1
7231,4
7232,1
7233,1
7234,1
7235,1
7236,4
7237,1
7238,1
7239,1
7240,1
7241,1
7242,1
7243,1
7244,1
7245,1
7246,1
7247,1
7248,1
7249,1
7250,1
7251,1
7252,1
7253,1
7254,1
7255,1
7256,1
7257,1
7258,1
7259,4
7260,1
7261,1
7262,1
7263,1
7264,1
7265,1
7266,4
7267,1
7268,1
7269,1
7270,1
7271,1
7272,4
7273,1
7274,1
7275,1
7276,1
7277,1
7278,1
7279,4
7280,1
7281,1
7282,1
7283,1
7284,1
7285,1
7286,1
7287,1
7288,1
7289,1
7290,1
7291,1
7292,1
7293,1
7294,1
7295,1
7296,1
7297,1
7298,1
7299,1
7300,4
7301,1
7302,1
7303,1
7304,1
7305,1
7306,1
7307,1
7308,4
7309,1
7310,1
7311,1
7312,1
7313,1
7314,1
7315,1
7316,4
7317,1
7318,1
7319,1
7320,4
7321,1
7322,1
7323,1
7324,1
7325,1
7326,1
7327,1
7328,4
7329,1
7330,1
7331,1
7332,4
7333,1
7334,1
7335,1
7336,1
7337,1
7338,1
7339,1
7340,1
7341,1
7342,1
7343,1
7344,4
7345,4
7346,0
7347,4
7348,1
7349,4
7350,4
7351,0
7352,4
7353,4
7354,4
7355,4
7356,4
7357,4
7358,4
7359,4
7360,4
7361,4
7362,4
7363,4
7364,4
7365,4
7366,4
7367,4
7368,4
7369,4
7370,4
7371,4
7372,4
7373,4
7374,4
7375,4
7376,4
7377,4
7378,4
7379,4
7380,4
7381,4
7382,4
7383,4
7384,4
7385,4
7386,4
7387,4
7388,4
7389,4
7390,4
7391,4
7392,4
7393,4
7394,4
7395,4
7396,4
7397,4
7398,4
7399,4
7400,4
7401,4
7402,4
7403,4
7404,4
7405,4
7406,4
7407,4
7408,4
7409,4
7410,4
7411,4
7412,4
7413,4
7414,4
7415,4
7416,4
7417,0
7418,4
7419,4
7420,4
7421,4
7422,4
7423,4
7424,4
7425,4
7426,4
7427,4
7428,4
7429,4
7430,0
7431,4
7432,4
7433,4
7434,4
7435,4
7436,4
7437,4
7438,4
7439,4
7440,4
7441,4
7442,4
7443,4
7444,4
7445,4
7446,0
7447,4
7448,4
7449,4
7450,4
7451,4
7452,4
7453,4
7454,4
7455,4
7456,4
7457,4
7458,4
7459,4
7460,4
7461,0
7462,4
7463,4
7464,4
7465,4
7466,4
7467,4
7468,0
7469,4
7470,4
7471,4
7472,4
7473,4
7474,4
7475,4
7476,4
7477,0
7478,0
7479,4
7480,4
7481,4
7482,4
7483,4
7484,4
7485,4
7486,4
7487,4
7488,4
7489,4
7490,4
7491,4
7492,4
7493,4
7494,4
7495,4
7496,4
7497,4
7498,4
7499,4
7500,4
7501,4
7502,4
7503,4
7504,1
7505,0
7506,4
7507,4
7508,4
7509,4
7510,4
7511,4
7512,4
7513,4
7514,4
7515,4
7516,4
7517,4
7518,4
7519,4
7520,4
7521,4
7522,4
7523,4
7524,4
7525,4
7526,4
7527,4
7528,4
7529,4
7530,4
7531,4
7532,4
7533,4
7534,4
7535,4
7536,4
7537,4
7538,4
7539,0
7540,4
7541,4
7542,4
7543,4
7544,0
7545,4
7546,0
7547,0
7548,4
7549,4
7550,0
7551,0
7552,0
7553,4
7554,4
7555,0
7556,0
7557,4
7558,4
7559,4
7560,4
7561,4
7562,0
7563,4
7564,0
