scenario,set,xsrc,xtv,leak_cmi,cramer_v,knn_r1,ami
1 mentah,BDC,0.5551,0.743,0.0972,0.2423,0.9634,0.8585
1 mentah,iliev,0.8185,0.7176,0.1483,0.2994,0.9216,0.8871
1 mentah,shubha,0.3778,0.5761,0.3289,0.4832,0.9953,0.8277
2 ABTT tanpa kovariat,BDC,0.7129,0.8698,0.0315,0.1556,0.9408,0.8352
2 ABTT tanpa kovariat,iliev,0.6926,0.7283,0.1763,0.2696,0.9163,0.8658
2 ABTT tanpa kovariat,shubha,0.7611,0.8385,0.0738,0.2274,0.9858,0.8327
3 Location/scale proksi batch,BDC,0.9299,0.9033,0.0273,0.1174,0.9592,0.8696
3 Location/scale proksi batch,iliev,0.9093,0.8109,0.0951,0.1818,0.9248,0.9164
3 Location/scale proksi batch,shubha,0.95,0.9582,0.0127,0.0724,0.9946,0.9388
4 EPO-flip (pasangan flip),BDC,0.9345,0.9001,0.0303,0.1234,0.9698,0.8692
4 EPO-flip (pasangan flip),iliev,0.8944,0.8197,0.0927,0.1669,0.9312,0.9062
4 EPO-flip (pasangan flip),shubha,0.9556,0.9593,0.0223,0.1209,0.9963,0.9299
5 EPO-latar (pasangan tanpa latar),BDC,0.9201,0.8908,0.0289,0.1253,0.9648,0.8698
5 EPO-latar (pasangan tanpa latar),iliev,0.8556,0.818,0.0957,0.1776,0.9279,0.8945
5 EPO-latar (pasangan tanpa latar),shubha,0.9222,0.9425,0.0228,0.1264,0.996,0.9052
6 Residual PCA berlabel (diagnostik),BDC,0.4993,0.7523,0.0964,0.2277,0.9699,0.8607
6 Residual PCA berlabel (diagnostik),iliev,0.8204,0.7504,0.135,0.2802,0.9437,0.8678
6 Residual PCA berlabel (diagnostik),shubha,0.5333,0.6465,0.2185,0.4461,0.9959,0.7777
7 CMRE (DINOv3 sbg kovariat),BDC,0.9511,0.8927,0.0245,0.1142,0.9585,0.8727
7 CMRE (DINOv3 sbg kovariat),iliev,0.8444,0.8098,0.1045,0.179,0.9316,0.894
7 CMRE (DINOv3 sbg kovariat),shubha,0.9222,0.9391,0.0255,0.1305,0.9957,0.9008
