m,set,xsrc,xtv,leak_cmi,cramer_v,knn_r1,ami,xsrc10_locked
v4 CMRE x2 + DINO,BDC,0.9754107293401599,0.9139196048208768,0.016218655644248247,0.09466249468563208,0.9910216241115207,0.8928360339818143,
v4 CMRE x2 + DINO,iliev,0.8722222222222222,0.8383666828199173,0.08723656232768331,0.1466237656863741,0.9451576743935025,0.9063884685694392,0.885
v4 CMRE x2 + DINO,shubha,0.9555555555555556,0.9674722210711383,0.013435477211805167,0.07173762166831797,0.997133268639819,0.9354466907826421,
EPO-flip x2 + DINO,BDC,0.7646176464540538,0.8132614970695254,0.05692042671083736,0.18336210815966164,0.9884928292437231,0.8937067619753837,
EPO-flip x2 + DINO,iliev,0.9203703703703704,0.804856234483076,0.10578727860760218,0.1997500097611921,0.9459042710739833,0.928690142514533,0.9283333333333333
EPO-flip x2 + DINO,shubha,0.6555555555555556,0.7592843432085532,0.20391131091496426,0.28804064327394235,0.9983017952450267,0.9237788085485911,
EPO-flip x3,BDC,0.5977453580901857,0.7517713035423925,0.07807698163299753,0.22885332650776163,0.9910400656454197,0.8790369889359212,
EPO-flip x3,iliev,0.8648148148148149,0.7704611072438339,0.1208385423710166,0.23761091698919176,0.9564354992114484,0.9082763764884232,0.8783333333333333
EPO-flip x3,shubha,0.37777777777777777,0.600914864577506,0.2823363235707826,0.4250237640616385,0.9990295972828723,0.8639834259497406,
mentah,BDC,0.5240556693415707,0.7412563058765496,0.1028713904327064,0.21742465612482703,0.9778554134115196,0.8713813276791219,
mentah,iliev,0.7814814814814814,0.7066137280542151,0.1754452819713035,0.3006356543796939,0.9442295540109029,0.916734671290895,0.8033333333333333
mentah,shubha,0.35555555555555557,0.5565722638766958,0.3512635007033227,0.5126282283122496,0.9964351680523689,0.8536659670550926,
