id,name,object_cell_count,object_mean_raw,background_mean_raw,ratio_raw,peak_on_object_raw,object_mean_cmre,background_mean_cmre,ratio_cmre,peak_on_object_cmre,ratio_gain,qualifies
2671,TV CRT,70,0.030325854676110403,0.03037625551223755,0.9983407489297821,False,0.004342977489743914,0.002949740489323934,1.4723247801417687,True,0.4739840312119866,True
1670,Ponsel di atas kain bermotif,63,0.005805939909011599,0.004367654388015335,1.3293035721048088,True,0.0023186225739736405,0.0015325191858652477,1.5129474935200062,True,0.18364392141519748,False
1450,Microwave (latar putih),90,0.03979032768143548,0.03509994149208069,1.13362942661268,True,0.0028490503629048664,0.0022269308567047117,1.2793612675336778,True,0.14573184092099778,False
156,Laptop (tampak bawah),60,0.0017658660809199015,0.0014203310012817383,1.243276979837352,True,0.001376277208328247,0.0010423973202705384,1.3202987587039239,True,0.07702177886657191,False
3322,Baterai silinder,24,0.03660072137912115,0.041229840171964544,0.8877240449814998,False,0.002377095321814219,0.002629097355039496,0.9041484953416696,False,0.016424450360169818,False
1912,Mouse,48,0.041321542114019394,0.03824574901507451,1.0804218010558708,False,0.0026549038787682853,0.00256939003100762,1.0332813677360468,False,-0.04714043331982398,False
521,Ponsel di atas meja,70,0.002899658679962158,0.0013209203879038492,2.1951788399486696,True,0.0018763218607221331,0.0011410713195800781,1.6443496424596749,True,-0.5508291974889947,False
3037,Mesin cuci front-load,80,0.039745062589645386,0.04308113753795624,0.9225629576764404,True,0.003961451351642609,0.012881413102149963,0.30753233458905926,False,-0.6150306230873811,False
2920,Mesin cuci tabung ganda,80,0.00947887971997261,0.008084887266159057,1.1724193839076773,True,0.001267925649881363,0.0022752732038497925,0.5572627895732378,False,-0.6151565943344395,False
1590,Microwave (kontras rendah),63,0.04717420680182321,0.04233342086946642,1.1143490112205712,True,0.004466288619571262,0.009725279099232442,0.4592452427075864,False,-0.6551037685129848,False
