id,source,method,row,col,cosine_change
1450,bdc,raw,0,0,0.026905179023742676
1450,bdc,raw,0,1,0.03151381015777588
1450,bdc,raw,0,2,0.03153163194656372
1450,bdc,raw,0,3,0.03778350353240967
1450,bdc,raw,0,4,0.03938305377960205
1450,bdc,raw,0,5,0.039827048778533936
1450,bdc,raw,0,6,0.041340410709381104
1450,bdc,raw,0,7,0.03906095027923584
1450,bdc,raw,0,8,0.03846883773803711
1450,bdc,raw,0,9,0.021291792392730713
1450,bdc,raw,1,0,0.039186835289001465
1450,bdc,raw,1,1,0.04073011875152588
1450,bdc,raw,1,2,0.04285132884979248
1450,bdc,raw,1,3,0.047675371170043945
1450,bdc,raw,1,4,0.04486614465713501
1450,bdc,raw,1,5,0.04192852973937988
1450,bdc,raw,1,6,0.04219222068786621
1450,bdc,raw,1,7,0.04103153944015503
1450,bdc,raw,1,8,0.03856569528579712
1450,bdc,raw,1,9,0.041631460189819336
1450,bdc,raw,2,0,0.039315223693847656
1450,bdc,raw,2,1,0.045868873596191406
1450,bdc,raw,2,2,0.04550206661224365
1450,bdc,raw,2,3,0.04652750492095947
1450,bdc,raw,2,4,0.041014909744262695
1450,bdc,raw,2,5,0.04025065898895264
1450,bdc,raw,2,6,0.04576808214187622
1450,bdc,raw,2,7,0.04392290115356445
1450,bdc,raw,2,8,0.04215502738952637
1450,bdc,raw,2,9,0.04135596752166748
1450,bdc,raw,3,0,0.04094099998474121
1450,bdc,raw,3,1,0.04483652114868164
1450,bdc,raw,3,2,0.04193514585494995
1450,bdc,raw,3,3,0.04286360740661621
1450,bdc,raw,3,4,0.04105788469314575
1450,bdc,raw,3,5,0.039857327938079834
1450,bdc,raw,3,6,0.042112529277801514
1450,bdc,raw,3,7,0.041636109352111816
1450,bdc,raw,3,8,0.0442204475402832
1450,bdc,raw,3,9,0.039356112480163574
1450,bdc,raw,4,0,0.037541866302490234
1450,bdc,raw,4,1,0.041921794414520264
1450,bdc,raw,4,2,0.03754395246505737
1450,bdc,raw,4,3,0.03833878040313721
1450,bdc,raw,4,4,0.035220980644226074
1450,bdc,raw,4,5,0.03608441352844238
1450,bdc,raw,4,6,0.04274308681488037
1450,bdc,raw,4,7,0.04064607620239258
1450,bdc,raw,4,8,0.04145550727844238
1450,bdc,raw,4,9,0.03875100612640381
1450,bdc,raw,5,0,0.03725630044937134
1450,bdc,raw,5,1,0.040631890296936035
1450,bdc,raw,5,2,0.03541362285614014
1450,bdc,raw,5,3,0.03959256410598755
1450,bdc,raw,5,4,0.034972429275512695
1450,bdc,raw,5,5,0.03644561767578125
1450,bdc,raw,5,6,0.038776397705078125
1450,bdc,raw,5,7,0.040086567401885986
1450,bdc,raw,5,8,0.0424952507019043
1450,bdc,raw,5,9,0.03948742151260376
1450,bdc,raw,6,0,0.03815162181854248
1450,bdc,raw,6,1,0.051206886768341064
1450,bdc,raw,6,2,0.04158657789230347
1450,bdc,raw,6,3,0.041916728019714355
1450,bdc,raw,6,4,0.04310476779937744
1450,bdc,raw,6,5,0.03859865665435791
1450,bdc,raw,6,6,0.036377787590026855
1450,bdc,raw,6,7,0.037856459617614746
1450,bdc,raw,6,8,0.0417560338973999
1450,bdc,raw,6,9,0.037965238094329834
1450,bdc,raw,7,0,0.037672579288482666
1450,bdc,raw,7,1,0.041545569896698
1450,bdc,raw,7,2,0.041685521602630615
1450,bdc,raw,7,3,0.04270792007446289
1450,bdc,raw,7,4,0.041548311710357666
1450,bdc,raw,7,5,0.039334654808044434
1450,bdc,raw,7,6,0.03804779052734375
1450,bdc,raw,7,7,0.03793060779571533
1450,bdc,raw,7,8,0.042343974113464355
1450,bdc,raw,7,9,0.03963172435760498
1450,bdc,raw,8,0,0.037702322006225586
1450,bdc,raw,8,1,0.037407636642456055
1450,bdc,raw,8,2,0.0357477068901062
1450,bdc,raw,8,3,0.03710883855819702
1450,bdc,raw,8,4,0.03831923007965088
1450,bdc,raw,8,5,0.03624129295349121
1450,bdc,raw,8,6,0.039358317852020264
1450,bdc,raw,8,7,0.03815031051635742
1450,bdc,raw,8,8,0.03781270980834961
1450,bdc,raw,8,9,0.038642823696136475
1450,bdc,raw,9,0,0.030661702156066895
1450,bdc,raw,9,1,0.024950027465820312
1450,bdc,raw,9,2,0.03357976675033569
1450,bdc,raw,9,3,0.03841269016265869
1450,bdc,raw,9,4,0.03804135322570801
1450,bdc,raw,9,5,0.03835773468017578
1450,bdc,raw,9,6,0.03789788484573364
1450,bdc,raw,9,7,0.0367206335067749
1450,bdc,raw,9,8,0.03611719608306885
1450,bdc,raw,9,9,0.03626042604446411
1450,bdc,cmre,0,0,0.002754807472229004
1450,bdc,cmre,0,1,0.002591431140899658
1450,bdc,cmre,0,2,0.0027583837509155273
1450,bdc,cmre,0,3,0.0024411678314208984
1450,bdc,cmre,0,4,0.0023245811462402344
1450,bdc,cmre,0,5,0.002057313919067383
1450,bdc,cmre,0,6,0.003329753875732422
1450,bdc,cmre,0,7,0.0025120973587036133
1450,bdc,cmre,0,8,0.001963019371032715
1450,bdc,cmre,0,9,0.0022702813148498535
1450,bdc,cmre,1,0,0.00494307279586792
1450,bdc,cmre,1,1,0.0036597251892089844
1450,bdc,cmre,1,2,0.003847956657409668
1450,bdc,cmre,1,3,0.0034161806106567383
1450,bdc,cmre,1,4,0.002134084701538086
1450,bdc,cmre,1,5,0.002057790756225586
1450,bdc,cmre,1,6,0.0021562576293945312
1450,bdc,cmre,1,7,0.002062201499938965
1450,bdc,cmre,1,8,0.002138495445251465
1450,bdc,cmre,1,9,0.0038280487060546875
1450,bdc,cmre,2,0,0.004079580307006836
1450,bdc,cmre,2,1,0.0029273629188537598
1450,bdc,cmre,2,2,0.0032979249954223633
1450,bdc,cmre,2,3,0.003853440284729004
1450,bdc,cmre,2,4,0.0029053092002868652
1450,bdc,cmre,2,5,0.0021914243698120117
1450,bdc,cmre,2,6,0.0031888484954833984
1450,bdc,cmre,2,7,0.002696514129638672
1450,bdc,cmre,2,8,0.0019554495811462402
1450,bdc,cmre,2,9,0.004829049110412598
1450,bdc,cmre,3,0,0.004620254039764404
1450,bdc,cmre,3,1,0.0026462674140930176
1450,bdc,cmre,3,2,0.002558469772338867
1450,bdc,cmre,3,3,0.0029961466789245605
1450,bdc,cmre,3,4,0.0031441450119018555
1450,bdc,cmre,3,5,0.002880871295928955
1450,bdc,cmre,3,6,0.0032825469970703125
1450,bdc,cmre,3,7,0.002803325653076172
1450,bdc,cmre,3,8,0.00259476900100708
1450,bdc,cmre,3,9,0.004284560680389404
1450,bdc,cmre,4,0,0.0052138566970825195
1450,bdc,cmre,4,1,0.002256333827972412
1450,bdc,cmre,4,2,0.0018298625946044922
1450,bdc,cmre,4,3,0.0023238062858581543
1450,bdc,cmre,4,4,0.002020120620727539
1450,bdc,cmre,4,5,0.001756906509399414
1450,bdc,cmre,4,6,0.0035256147384643555
1450,bdc,cmre,4,7,0.003511190414428711
1450,bdc,cmre,4,8,0.0024776458740234375
1450,bdc,cmre,4,9,0.005365848541259766
1450,bdc,cmre,5,0,0.004048943519592285
1450,bdc,cmre,5,1,0.002325594425201416
1450,bdc,cmre,5,2,0.0016252994537353516
1450,bdc,cmre,5,3,0.002496659755706787
1450,bdc,cmre,5,4,0.001840353012084961
1450,bdc,cmre,5,5,0.0018957257270812988
1450,bdc,cmre,5,6,0.0022861361503601074
1450,bdc,cmre,5,7,0.0030301809310913086
1450,bdc,cmre,5,8,0.0023447275161743164
1450,bdc,cmre,5,9,0.00522226095199585
1450,bdc,cmre,6,0,0.0033260583877563477
1450,bdc,cmre,6,1,0.0036132335662841797
1450,bdc,cmre,6,2,0.0028128623962402344
1450,bdc,cmre,6,3,0.0033841729164123535
1450,bdc,cmre,6,4,0.0033965110778808594
1450,bdc,cmre,6,5,0.002417922019958496
1450,bdc,cmre,6,6,0.0022982358932495117
1450,bdc,cmre,6,7,0.0028433799743652344
1450,bdc,cmre,6,8,0.0025205016136169434
1450,bdc,cmre,6,9,0.004429817199707031
1450,bdc,cmre,7,0,0.0026714205741882324
1450,bdc,cmre,7,1,0.0030384063720703125
1450,bdc,cmre,7,2,0.003094196319580078
1450,bdc,cmre,7,3,0.0030480623245239258
1450,bdc,cmre,7,4,0.002697587013244629
1450,bdc,cmre,7,5,0.0022543668746948242
1450,bdc,cmre,7,6,0.002034783363342285
1450,bdc,cmre,7,7,0.002207159996032715
1450,bdc,cmre,7,8,0.0019664764404296875
1450,bdc,cmre,7,9,0.003759443759918213
1450,bdc,cmre,8,0,0.0024945735931396484
1450,bdc,cmre,8,1,0.0028312206268310547
1450,bdc,cmre,8,2,0.0024025440216064453
1450,bdc,cmre,8,3,0.0024802684783935547
1450,bdc,cmre,8,4,0.0020044445991516113
1450,bdc,cmre,8,5,0.0020586252212524414
1450,bdc,cmre,8,6,0.0014076828956604004
1450,bdc,cmre,8,7,0.0016194581985473633
1450,bdc,cmre,8,8,0.002611696720123291
1450,bdc,cmre,8,9,0.002309441566467285
1450,bdc,cmre,9,0,0.0038121938705444336
1450,bdc,cmre,9,1,0.0027163028717041016
1450,bdc,cmre,9,2,0.0018440485000610352
1450,bdc,cmre,9,3,0.002225637435913086
1450,bdc,cmre,9,4,0.0018430352210998535
1450,bdc,cmre,9,5,0.0019276738166809082
1450,bdc,cmre,9,6,0.0022682547569274902
1450,bdc,cmre,9,7,0.001548171043395996
1450,bdc,cmre,9,8,0.00209653377532959
1450,bdc,cmre,9,9,0.001987457275390625
521,bdc,raw,0,0,0.000965416431427002
521,bdc,raw,0,1,0.001571059226989746
521,bdc,raw,0,2,0.0018166303634643555
521,bdc,raw,0,3,0.0012650489807128906
521,bdc,raw,0,4,0.0015293359756469727
521,bdc,raw,0,5,0.0013613700866699219
521,bdc,raw,0,6,0.0014673471450805664
521,bdc,raw,0,7,0.0018873810768127441
521,bdc,raw,0,8,0.0015184879302978516
521,bdc,raw,0,9,0.0008583664894104004
521,bdc,raw,1,0,0.0009555816650390625
521,bdc,raw,1,1,0.0020492076873779297
521,bdc,raw,1,2,0.003246784210205078
521,bdc,raw,1,3,0.0025794506072998047
521,bdc,raw,1,4,0.0028870105743408203
521,bdc,raw,1,5,0.008439064025878906
521,bdc,raw,1,6,0.002411961555480957
521,bdc,raw,1,7,0.002619028091430664
521,bdc,raw,1,8,0.0017322301864624023
521,bdc,raw,1,9,0.0010172724723815918
521,bdc,raw,2,0,0.001400291919708252
521,bdc,raw,2,1,0.0026546716690063477
521,bdc,raw,2,2,0.0029593706130981445
521,bdc,raw,2,3,0.0035554170608520508
521,bdc,raw,2,4,0.0030631422996520996
521,bdc,raw,2,5,0.004002094268798828
521,bdc,raw,2,6,0.002172231674194336
521,bdc,raw,2,7,0.0014814138412475586
521,bdc,raw,2,8,0.002691030502319336
521,bdc,raw,2,9,0.0012035965919494629
521,bdc,raw,3,0,0.001904606819152832
521,bdc,raw,3,1,0.0027248263359069824
521,bdc,raw,3,2,0.003695368766784668
521,bdc,raw,3,3,0.0032968521118164062
521,bdc,raw,3,4,0.0034690499305725098
521,bdc,raw,3,5,0.004933953285217285
521,bdc,raw,3,6,0.0029413700103759766
521,bdc,raw,3,7,0.0021622776985168457
521,bdc,raw,3,8,0.002779722213745117
521,bdc,raw,3,9,0.0011053085327148438
521,bdc,raw,4,0,0.0018993616104125977
521,bdc,raw,4,1,0.0036476850509643555
521,bdc,raw,4,2,0.0027174949645996094
521,bdc,raw,4,3,0.0027723312377929688
521,bdc,raw,4,4,0.00392758846282959
521,bdc,raw,4,5,0.005086779594421387
521,bdc,raw,4,6,0.003447234630584717
521,bdc,raw,4,7,0.0024137496948242188
521,bdc,raw,4,8,0.002217888832092285
521,bdc,raw,4,9,0.0012850761413574219
521,bdc,raw,5,0,0.0022020339965820312
521,bdc,raw,5,1,0.0018241405487060547
521,bdc,raw,5,2,0.0033188462257385254
521,bdc,raw,5,3,0.002865314483642578
521,bdc,raw,5,4,0.0028450489044189453
521,bdc,raw,5,5,0.0036293864250183105
521,bdc,raw,5,6,0.0030910372734069824
521,bdc,raw,5,7,0.003368973731994629
521,bdc,raw,5,8,0.0018725395202636719
521,bdc,raw,5,9,0.0017311573028564453
521,bdc,raw,6,0,0.004007935523986816
521,bdc,raw,6,1,0.00266343355178833
521,bdc,raw,6,2,0.0027581453323364258
521,bdc,raw,6,3,0.0037502646446228027
521,bdc,raw,6,4,0.0037217140197753906
521,bdc,raw,6,5,0.003668069839477539
521,bdc,raw,6,6,0.003117859363555908
521,bdc,raw,6,7,0.0040100812911987305
521,bdc,raw,6,8,0.003755629062652588
521,bdc,raw,6,9,0.0026620030403137207
521,bdc,raw,7,0,0.002589106559753418
521,bdc,raw,7,1,0.002367258071899414
521,bdc,raw,7,2,0.0022122859954833984
521,bdc,raw,7,3,0.0034890174865722656
521,bdc,raw,7,4,0.005895733833312988
521,bdc,raw,7,5,0.003506004810333252
521,bdc,raw,7,6,0.0031425952911376953
521,bdc,raw,7,7,0.0022462010383605957
521,bdc,raw,7,8,0.0023342370986938477
521,bdc,raw,7,9,0.0027806758880615234
521,bdc,raw,8,0,0.0008956193923950195
521,bdc,raw,8,1,0.0018515586853027344
521,bdc,raw,8,2,0.0019004344940185547
521,bdc,raw,8,3,0.0019875764846801758
521,bdc,raw,8,4,0.0020432472229003906
521,bdc,raw,8,5,0.0017066001892089844
521,bdc,raw,8,6,0.001939535140991211
521,bdc,raw,8,7,0.002001941204071045
521,bdc,raw,8,8,0.0020113587379455566
521,bdc,raw,8,9,0.000845789909362793
521,bdc,raw,9,0,0.000744163990020752
521,bdc,raw,9,1,0.0006998777389526367
521,bdc,raw,9,2,0.0010191798210144043
521,bdc,raw,9,3,0.0009725093841552734
521,bdc,raw,9,4,0.0008206367492675781
521,bdc,raw,9,5,0.0007125139236450195
521,bdc,raw,9,6,0.000699162483215332
521,bdc,raw,9,7,0.0010873079299926758
521,bdc,raw,9,8,0.0009158849716186523
521,bdc,raw,9,9,0.0005322694778442383
521,bdc,cmre,0,0,0.0007828474044799805
521,bdc,cmre,0,1,0.0016852617263793945
521,bdc,cmre,0,2,0.002026200294494629
521,bdc,cmre,0,3,0.0016000866889953613
521,bdc,cmre,0,4,0.001783907413482666
521,bdc,cmre,0,5,0.0015613436698913574
521,bdc,cmre,0,6,0.001612544059753418
521,bdc,cmre,0,7,0.0021959543228149414
521,bdc,cmre,0,8,0.0018407702445983887
521,bdc,cmre,0,9,0.0006467700004577637
521,bdc,cmre,1,0,0.0008025765419006348
521,bdc,cmre,1,1,0.0014812350273132324
521,bdc,cmre,1,2,0.0021381378173828125
521,bdc,cmre,1,3,0.0022006630897521973
521,bdc,cmre,1,4,0.002076566219329834
521,bdc,cmre,1,5,0.003215789794921875
521,bdc,cmre,1,6,0.0017696619033813477
521,bdc,cmre,1,7,0.0015461444854736328
521,bdc,cmre,1,8,0.0013932585716247559
521,bdc,cmre,1,9,0.0007634758949279785
521,bdc,cmre,2,0,0.0012663006782531738
521,bdc,cmre,2,1,0.0016015172004699707
521,bdc,cmre,2,2,0.0020371675491333008
521,bdc,cmre,2,3,0.0019365549087524414
521,bdc,cmre,2,4,0.003354668617248535
521,bdc,cmre,2,5,0.00342559814453125
521,bdc,cmre,2,6,0.0015134811401367188
521,bdc,cmre,2,7,0.0010772943496704102
521,bdc,cmre,2,8,0.0017986297607421875
521,bdc,cmre,2,9,0.0010510087013244629
521,bdc,cmre,3,0,0.0019378066062927246
521,bdc,cmre,3,1,0.0019615888595581055
521,bdc,cmre,3,2,0.0015494823455810547
521,bdc,cmre,3,3,0.001914381980895996
521,bdc,cmre,3,4,0.0024499893188476562
521,bdc,cmre,3,5,0.004742562770843506
521,bdc,cmre,3,6,0.0017817020416259766
521,bdc,cmre,3,7,0.0012263059616088867
521,bdc,cmre,3,8,0.0018224716186523438
521,bdc,cmre,3,9,0.0010833144187927246
521,bdc,cmre,4,0,0.002160191535949707
521,bdc,cmre,4,1,0.002099275588989258
521,bdc,cmre,4,2,0.0017073750495910645
521,bdc,cmre,4,3,0.0018905401229858398
521,bdc,cmre,4,4,0.0026863813400268555
521,bdc,cmre,4,5,0.004450857639312744
521,bdc,cmre,4,6,0.0019525885581970215
521,bdc,cmre,4,7,0.0012422800064086914
521,bdc,cmre,4,8,0.0012943148612976074
521,bdc,cmre,4,9,0.0011911392211914062
521,bdc,cmre,5,0,0.0018960833549499512
521,bdc,cmre,5,1,0.001413583755493164
521,bdc,cmre,5,2,0.0015139579772949219
521,bdc,cmre,5,3,0.001705765724182129
521,bdc,cmre,5,4,0.002207934856414795
521,bdc,cmre,5,5,0.002316892147064209
521,bdc,cmre,5,6,0.002058863639831543
521,bdc,cmre,5,7,0.001793503761291504
521,bdc,cmre,5,8,0.0010954737663269043
521,bdc,cmre,5,9,0.0013866424560546875
521,bdc,cmre,6,0,0.003066122531890869
521,bdc,cmre,6,1,0.0014843940734863281
521,bdc,cmre,6,2,0.0013674497604370117
521,bdc,cmre,6,3,0.0021023154258728027
521,bdc,cmre,6,4,0.0019267797470092773
521,bdc,cmre,6,5,0.0017595291137695312
521,bdc,cmre,6,6,0.0013344287872314453
521,bdc,cmre,6,7,0.0017394423484802246
521,bdc,cmre,6,8,0.001654207706451416
521,bdc,cmre,6,9,0.0018285512924194336
521,bdc,cmre,7,0,0.001889944076538086
521,bdc,cmre,7,1,0.0009047389030456543
521,bdc,cmre,7,2,0.0011504888534545898
521,bdc,cmre,7,3,0.0018500685691833496
521,bdc,cmre,7,4,0.0038095712661743164
521,bdc,cmre,7,5,0.0023689866065979004
521,bdc,cmre,7,6,0.0016083121299743652
521,bdc,cmre,7,7,0.0015035271644592285
521,bdc,cmre,7,8,0.0014191269874572754
521,bdc,cmre,7,9,0.0015915632247924805
521,bdc,cmre,8,0,0.0007614493370056152
521,bdc,cmre,8,1,0.0009763240814208984
521,bdc,cmre,8,2,0.0010080933570861816
521,bdc,cmre,8,3,0.0010393261909484863
521,bdc,cmre,8,4,0.0012464523315429688
521,bdc,cmre,8,5,0.0010749101638793945
521,bdc,cmre,8,6,0.0011135339736938477
521,bdc,cmre,8,7,0.0011632442474365234
521,bdc,cmre,8,8,0.0012761950492858887
521,bdc,cmre,8,9,0.000728309154510498
521,bdc,cmre,9,0,0.000843346118927002
521,bdc,cmre,9,1,0.0006889104843139648
521,bdc,cmre,9,2,0.0008955001831054688
521,bdc,cmre,9,3,0.0007918477058410645
521,bdc,cmre,9,4,0.000743865966796875
521,bdc,cmre,9,5,0.000703275203704834
521,bdc,cmre,9,6,0.0006233453750610352
521,bdc,cmre,9,7,0.0010707974433898926
521,bdc,cmre,9,8,0.0009995698928833008
521,bdc,cmre,9,9,0.0007481575012207031
2920,bdc,raw,0,0,0.005703568458557129
2920,bdc,raw,0,1,0.006828904151916504
2920,bdc,raw,0,2,0.009023189544677734
2920,bdc,raw,0,3,0.010919690132141113
2920,bdc,raw,0,4,0.011173248291015625
2920,bdc,raw,0,5,0.011899709701538086
2920,bdc,raw,0,6,0.009573578834533691
2920,bdc,raw,0,7,0.007524371147155762
2920,bdc,raw,0,8,0.006949663162231445
2920,bdc,raw,0,9,0.005469202995300293
2920,bdc,raw,1,0,0.00896906852722168
2920,bdc,raw,1,1,0.012859046459197998
2920,bdc,raw,1,2,0.012714862823486328
2920,bdc,raw,1,3,0.012553036212921143
2920,bdc,raw,1,4,0.0107688307762146
2920,bdc,raw,1,5,0.010492324829101562
2920,bdc,raw,1,6,0.012409508228302002
2920,bdc,raw,1,7,0.011862754821777344
2920,bdc,raw,1,8,0.011305570602416992
2920,bdc,raw,1,9,0.009189248085021973
2920,bdc,raw,2,0,0.009790599346160889
2920,bdc,raw,2,1,0.012596487998962402
2920,bdc,raw,2,2,0.01196378469467163
2920,bdc,raw,2,3,0.011464357376098633
2920,bdc,raw,2,4,0.009990692138671875
2920,bdc,raw,2,5,0.007938623428344727
2920,bdc,raw,2,6,0.009032368659973145
2920,bdc,raw,2,7,0.012134313583374023
2920,bdc,raw,2,8,0.013288021087646484
2920,bdc,raw,2,9,0.010106801986694336
2920,bdc,raw,3,0,0.009101390838623047
2920,bdc,raw,3,1,0.011332869529724121
2920,bdc,raw,3,2,0.011223316192626953
2920,bdc,raw,3,3,0.011965751647949219
2920,bdc,raw,3,4,0.009944677352905273
2920,bdc,raw,3,5,0.009082019329071045
2920,bdc,raw,3,6,0.011551976203918457
2920,bdc,raw,3,7,0.012767434120178223
2920,bdc,raw,3,8,0.01269298791885376
2920,bdc,raw,3,9,0.010581254959106445
2920,bdc,raw,4,0,0.008072078227996826
2920,bdc,raw,4,1,0.008630335330963135
2920,bdc,raw,4,2,0.00799107551574707
2920,bdc,raw,4,3,0.005629897117614746
2920,bdc,raw,4,4,0.0037642717361450195
2920,bdc,raw,4,5,0.00461268424987793
2920,bdc,raw,4,6,0.007006168365478516
2920,bdc,raw,4,7,0.00970613956451416
2920,bdc,raw,4,8,0.009956538677215576
2920,bdc,raw,4,9,0.009770750999450684
2920,bdc,raw,5,0,0.0076323747634887695
2920,bdc,raw,5,1,0.009526848793029785
2920,bdc,raw,5,2,0.009004473686218262
2920,bdc,raw,5,3,0.005494236946105957
2920,bdc,raw,5,4,0.0009087324142456055
2920,bdc,raw,5,5,0.0011658072471618652
2920,bdc,raw,5,6,0.0076950788497924805
2920,bdc,raw,5,7,0.010875582695007324
2920,bdc,raw,5,8,0.009822845458984375
2920,bdc,raw,5,9,0.004961490631103516
2920,bdc,raw,6,0,0.009350895881652832
2920,bdc,raw,6,1,0.01043778657913208
2920,bdc,raw,6,2,0.011994361877441406
2920,bdc,raw,6,3,0.009897351264953613
2920,bdc,raw,6,4,0.0025619864463806152
2920,bdc,raw,6,5,0.0023306608200073242
2920,bdc,raw,6,6,0.00997990369796753
2920,bdc,raw,6,7,0.01186525821685791
2920,bdc,raw,6,8,0.011309623718261719
2920,bdc,raw,6,9,0.008841633796691895
2920,bdc,raw,7,0,0.008272826671600342
2920,bdc,raw,7,1,0.008859694004058838
2920,bdc,raw,7,2,0.012272179126739502
2920,bdc,raw,7,3,0.012339770793914795
2920,bdc,raw,7,4,0.009541511535644531
2920,bdc,raw,7,5,0.009905993938446045
2920,bdc,raw,7,6,0.012569189071655273
2920,bdc,raw,7,7,0.012125194072723389
2920,bdc,raw,7,8,0.010198533535003662
2920,bdc,raw,7,9,0.009480059146881104
2920,bdc,raw,8,0,0.00818181037902832
2920,bdc,raw,8,1,0.007879376411437988
2920,bdc,raw,8,2,0.01132810115814209
2920,bdc,raw,8,3,0.012708544731140137
2920,bdc,raw,8,4,0.00942540168762207
2920,bdc,raw,8,5,0.010230958461761475
2920,bdc,raw,8,6,0.011583328247070312
2920,bdc,raw,8,7,0.011828839778900146
2920,bdc,raw,8,8,0.00877457857131958
2920,bdc,raw,8,9,0.00820934772491455
2920,bdc,raw,9,0,0.004847884178161621
2920,bdc,raw,9,1,0.006187736988067627
2920,bdc,raw,9,2,0.008201122283935547
2920,bdc,raw,9,3,0.008395075798034668
2920,bdc,raw,9,4,0.005591750144958496
2920,bdc,raw,9,5,0.005609989166259766
2920,bdc,raw,9,6,0.007923543453216553
2920,bdc,raw,9,7,0.008438944816589355
2920,bdc,raw,9,8,0.006395399570465088
2920,bdc,raw,9,9,0.005165457725524902
2920,bdc,cmre,0,0,0.0009431838989257812
2920,bdc,cmre,0,1,0.0009743571281433105
2920,bdc,cmre,0,2,0.0009819269180297852
2920,bdc,cmre,0,3,0.0019864439964294434
2920,bdc,cmre,0,4,0.0023177266120910645
2920,bdc,cmre,0,5,0.0020641684532165527
2920,bdc,cmre,0,6,0.0008910894393920898
2920,bdc,cmre,0,7,0.0008543133735656738
2920,bdc,cmre,0,8,0.000870048999786377
2920,bdc,cmre,0,9,0.0009568929672241211
2920,bdc,cmre,1,0,0.0016287565231323242
2920,bdc,cmre,1,1,0.0012788772583007812
2920,bdc,cmre,1,2,0.0014933943748474121
2920,bdc,cmre,1,3,0.0014950037002563477
2920,bdc,cmre,1,4,0.0016295909881591797
2920,bdc,cmre,1,5,0.0016025304794311523
2920,bdc,cmre,1,6,0.0016793012619018555
2920,bdc,cmre,1,7,0.0013903975486755371
2920,bdc,cmre,1,8,0.0014714598655700684
2920,bdc,cmre,1,9,0.0015747547149658203
2920,bdc,cmre,2,0,0.0023485422134399414
2920,bdc,cmre,2,1,0.0016967058181762695
2920,bdc,cmre,2,2,0.0012963414192199707
2920,bdc,cmre,2,3,0.001334547996520996
2920,bdc,cmre,2,4,0.0011504888534545898
2920,bdc,cmre,2,5,0.0012598037719726562
2920,bdc,cmre,2,6,0.0013946890830993652
2920,bdc,cmre,2,7,0.0014910697937011719
2920,bdc,cmre,2,8,0.0016683340072631836
2920,bdc,cmre,2,9,0.0021914243698120117
2920,bdc,cmre,3,0,0.0029445886611938477
2920,bdc,cmre,3,1,0.0015730857849121094
2920,bdc,cmre,3,2,0.0016273260116577148
2920,bdc,cmre,3,3,0.0017671585083007812
2920,bdc,cmre,3,4,0.001054227352142334
2920,bdc,cmre,3,5,0.0012336969375610352
2920,bdc,cmre,3,6,0.0016381144523620605
2920,bdc,cmre,3,7,0.0015646815299987793
2920,bdc,cmre,3,8,0.0017213821411132812
2920,bdc,cmre,3,9,0.0032521486282348633
2920,bdc,cmre,4,0,0.003177642822265625
2920,bdc,cmre,4,1,0.0010465383529663086
2920,bdc,cmre,4,2,0.0008112788200378418
2920,bdc,cmre,4,3,0.0006427764892578125
2920,bdc,cmre,4,4,0.0006382465362548828
2920,bdc,cmre,4,5,0.0006546378135681152
2920,bdc,cmre,4,6,0.0006994009017944336
2920,bdc,cmre,4,7,0.0007886886596679688
2920,bdc,cmre,4,8,0.0010515451431274414
2920,bdc,cmre,4,9,0.0033701062202453613
2920,bdc,cmre,5,0,0.0028566718101501465
2920,bdc,cmre,5,1,0.0010528564453125
2920,bdc,cmre,5,2,0.0009362697601318359
2920,bdc,cmre,5,3,0.0007922649383544922
2920,bdc,cmre,5,4,0.00034296512603759766
2920,bdc,cmre,5,5,0.00045752525329589844
2920,bdc,cmre,5,6,0.000941157341003418
2920,bdc,cmre,5,7,0.0008777379989624023
2920,bdc,cmre,5,8,0.000929713249206543
2920,bdc,cmre,5,9,0.0022867321968078613
2920,bdc,cmre,6,0,0.003554821014404297
2920,bdc,cmre,6,1,0.0012601017951965332
2920,bdc,cmre,6,2,0.0015278458595275879
2920,bdc,cmre,6,3,0.0013703107833862305
2920,bdc,cmre,6,4,0.000611424446105957
2920,bdc,cmre,6,5,0.0006279349327087402
2920,bdc,cmre,6,6,0.001502394676208496
2920,bdc,cmre,6,7,0.001431584358215332
2920,bdc,cmre,6,8,0.0015055537223815918
2920,bdc,cmre,6,9,0.0034900307655334473
2920,bdc,cmre,7,0,0.0026810169219970703
2920,bdc,cmre,7,1,0.0014226436614990234
2920,bdc,cmre,7,2,0.0014234185218811035
2920,bdc,cmre,7,3,0.0013099312782287598
2920,bdc,cmre,7,4,0.0011382699012756348
2920,bdc,cmre,7,5,0.0011807680130004883
2920,bdc,cmre,7,6,0.001503586769104004
2920,bdc,cmre,7,7,0.0013335943222045898
2920,bdc,cmre,7,8,0.0015324950218200684
2920,bdc,cmre,7,9,0.002578139305114746
2920,bdc,cmre,8,0,0.0018142461776733398
2920,bdc,cmre,8,1,0.00140303373336792
2920,bdc,cmre,8,2,0.0014469027519226074
2920,bdc,cmre,8,3,0.0015851259231567383
2920,bdc,cmre,8,4,0.0013086795806884766
2920,bdc,cmre,8,5,0.0014495849609375
2920,bdc,cmre,8,6,0.0017551183700561523
2920,bdc,cmre,8,7,0.00151824951171875
2920,bdc,cmre,8,8,0.001194775104522705
2920,bdc,cmre,8,9,0.0016884803771972656
2920,bdc,cmre,9,0,0.0010512471199035645
2920,bdc,cmre,9,1,0.001161038875579834
2920,bdc,cmre,9,2,0.001143813133239746
2920,bdc,cmre,9,3,0.001425325870513916
2920,bdc,cmre,9,4,0.0012049078941345215
2920,bdc,cmre,9,5,0.0010785460472106934
2920,bdc,cmre,9,6,0.0015012621879577637
2920,bdc,cmre,9,7,0.0012893080711364746
2920,bdc,cmre,9,8,0.0011706352233886719
2920,bdc,cmre,9,9,0.001116037368774414
3037,bdc,raw,0,0,0.03852438926696777
3037,bdc,raw,0,1,0.04885143041610718
3037,bdc,raw,0,2,0.049460530281066895
3037,bdc,raw,0,3,0.04607349634170532
3037,bdc,raw,0,4,0.034645795822143555
3037,bdc,raw,0,5,0.030094385147094727
3037,bdc,raw,0,6,0.038396358489990234
3037,bdc,raw,0,7,0.03700566291809082
3037,bdc,raw,0,8,0.04426795244216919
3037,bdc,raw,0,9,0.03469562530517578
3037,bdc,raw,1,0,0.046190738677978516
3037,bdc,raw,1,1,0.04464828968048096
3037,bdc,raw,1,2,0.043376266956329346
3037,bdc,raw,1,3,0.04284989833831787
3037,bdc,raw,1,4,0.03861713409423828
3037,bdc,raw,1,5,0.038707196712493896
3037,bdc,raw,1,6,0.03534257411956787
3037,bdc,raw,1,7,0.03557264804840088
3037,bdc,raw,1,8,0.03597867488861084
3037,bdc,raw,1,9,0.04734456539154053
3037,bdc,raw,2,0,0.04461050033569336
3037,bdc,raw,2,1,0.04260551929473877
3037,bdc,raw,2,2,0.055964112281799316
3037,bdc,raw,2,3,0.04422473907470703
3037,bdc,raw,2,4,0.04180288314819336
3037,bdc,raw,2,5,0.0406341552734375
3037,bdc,raw,2,6,0.04172205924987793
3037,bdc,raw,2,7,0.03959190845489502
3037,bdc,raw,2,8,0.03717833757400513
3037,bdc,raw,2,9,0.0479731559753418
3037,bdc,raw,3,0,0.04662656784057617
3037,bdc,raw,3,1,0.0449599027633667
3037,bdc,raw,3,2,0.04393303394317627
3037,bdc,raw,3,3,0.047998666763305664
3037,bdc,raw,3,4,0.04516702890396118
3037,bdc,raw,3,5,0.039072275161743164
3037,bdc,raw,3,6,0.036128878593444824
3037,bdc,raw,3,7,0.03504335880279541
3037,bdc,raw,3,8,0.038666605949401855
3037,bdc,raw,3,9,0.04924929141998291
3037,bdc,raw,4,0,0.03426468372344971
3037,bdc,raw,4,1,0.0433691143989563
3037,bdc,raw,4,2,0.03839844465255737
3037,bdc,raw,4,3,0.03927278518676758
3037,bdc,raw,4,4,0.034896135330200195
3037,bdc,raw,4,5,0.03323930501937866
3037,bdc,raw,4,6,0.035216569900512695
3037,bdc,raw,4,7,0.03521394729614258
3037,bdc,raw,4,8,0.036595702171325684
3037,bdc,raw,4,9,0.038419485092163086
3037,bdc,raw,5,0,0.04180097579956055
3037,bdc,raw,5,1,0.04198622703552246
3037,bdc,raw,5,2,0.03988993167877197
3037,bdc,raw,5,3,0.040071189403533936
3037,bdc,raw,5,4,0.0340312123298645
3037,bdc,raw,5,5,0.03392690420150757
3037,bdc,raw,5,6,0.037976086139678955
3037,bdc,raw,5,7,0.03636181354522705
3037,bdc,raw,5,8,0.035723209381103516
3037,bdc,raw,5,9,0.035607099533081055
3037,bdc,raw,6,0,0.05181014537811279
3037,bdc,raw,6,1,0.04414951801300049
3037,bdc,raw,6,2,0.045456767082214355
3037,bdc,raw,6,3,0.04093754291534424
3037,bdc,raw,6,4,0.036587297916412354
3037,bdc,raw,6,5,0.03659200668334961
3037,bdc,raw,6,6,0.043714046478271484
3037,bdc,raw,6,7,0.043488264083862305
3037,bdc,raw,6,8,0.0418781042098999
3037,bdc,raw,6,9,0.04924732446670532
3037,bdc,raw,7,0,0.04880118370056152
3037,bdc,raw,7,1,0.04569810628890991
3037,bdc,raw,7,2,0.03866076469421387
3037,bdc,raw,7,3,0.04273754358291626
3037,bdc,raw,7,4,0.037706971168518066
3037,bdc,raw,7,5,0.03835815191268921
3037,bdc,raw,7,6,0.04298609495162964
3037,bdc,raw,7,7,0.037229180335998535
3037,bdc,raw,7,8,0.04342997074127197
3037,bdc,raw,7,9,0.04765760898590088
3037,bdc,raw,8,0,0.04773211479187012
3037,bdc,raw,8,1,0.04193520545959473
3037,bdc,raw,8,2,0.0372539758682251
3037,bdc,raw,8,3,0.037835538387298584
3037,bdc,raw,8,4,0.035771965980529785
3037,bdc,raw,8,5,0.03587526082992554
3037,bdc,raw,8,6,0.03580355644226074
3037,bdc,raw,8,7,0.03484952449798584
3037,bdc,raw,8,8,0.041225314140319824
3037,bdc,raw,8,9,0.045897603034973145
3037,bdc,raw,9,0,0.03411257266998291
3037,bdc,raw,9,1,0.04535853862762451
3037,bdc,raw,9,2,0.041894614696502686
3037,bdc,raw,9,3,0.04197251796722412
3037,bdc,raw,9,4,0.029553234577178955
3037,bdc,raw,9,5,0.026139378547668457
3037,bdc,raw,9,6,0.03973817825317383
3037,bdc,raw,9,7,0.03710341453552246
3037,bdc,raw,9,8,0.0429341197013855
3037,bdc,raw,9,9,0.031057119369506836
3037,bdc,cmre,0,0,0.011385560035705566
3037,bdc,cmre,0,1,0.0132368803024292
3037,bdc,cmre,0,2,0.013240516185760498
3037,bdc,cmre,0,3,0.010715603828430176
3037,bdc,cmre,0,4,0.0035856962203979492
3037,bdc,cmre,0,5,0.002498149871826172
3037,bdc,cmre,0,6,0.005722999572753906
3037,bdc,cmre,0,7,0.004812717437744141
3037,bdc,cmre,0,8,0.010903477668762207
3037,bdc,cmre,0,9,0.008549034595489502
3037,bdc,cmre,1,0,0.013012409210205078
3037,bdc,cmre,1,1,0.00624847412109375
3037,bdc,cmre,1,2,0.0032892227172851562
3037,bdc,cmre,1,3,0.004046797752380371
3037,bdc,cmre,1,4,0.000713646411895752
3037,bdc,cmre,1,5,0.0014361143112182617
3037,bdc,cmre,1,6,0.0016847848892211914
3037,bdc,cmre,1,7,0.0009008646011352539
3037,bdc,cmre,1,8,0.0017662644386291504
3037,bdc,cmre,1,9,0.013337910175323486
3037,bdc,cmre,2,0,0.013271331787109375
3037,bdc,cmre,2,1,0.005635380744934082
3037,bdc,cmre,2,2,0.003822922706604004
3037,bdc,cmre,2,3,0.0035712718963623047
3037,bdc,cmre,2,4,0.0022634267807006836
3037,bdc,cmre,2,5,0.001161813735961914
3037,bdc,cmre,2,6,0.0019829273223876953
3037,bdc,cmre,2,7,0.0008720159530639648
3037,bdc,cmre,2,8,0.003116130828857422
3037,bdc,cmre,2,9,0.013304352760314941
3037,bdc,cmre,3,0,0.014121055603027344
3037,bdc,cmre,3,1,0.008181095123291016
3037,bdc,cmre,3,2,0.00407099723815918
3037,bdc,cmre,3,3,0.0077713727951049805
3037,bdc,cmre,3,4,0.006201028823852539
3037,bdc,cmre,3,5,0.0016454458236694336
3037,bdc,cmre,3,6,0.0008753538131713867
3037,bdc,cmre,3,7,0.0010054707527160645
3037,bdc,cmre,3,8,0.0037015676498413086
3037,bdc,cmre,3,9,0.015308499336242676
3037,bdc,cmre,4,0,0.011955022811889648
3037,bdc,cmre,4,1,0.007034420967102051
3037,bdc,cmre,4,2,0.0014355182647705078
3037,bdc,cmre,4,3,0.002530395984649658
3037,bdc,cmre,4,4,0.0011194348335266113
3037,bdc,cmre,4,5,0.0007783174514770508
3037,bdc,cmre,4,6,0.0011380314826965332
3037,bdc,cmre,4,7,0.0009225606918334961
3037,bdc,cmre,4,8,0.0027502775192260742
3037,bdc,cmre,4,9,0.014765501022338867
3037,bdc,cmre,5,0,0.014907240867614746
3037,bdc,cmre,5,1,0.00599217414855957
3037,bdc,cmre,5,2,0.0024633407592773438
3037,bdc,cmre,5,3,0.005460023880004883
3037,bdc,cmre,5,4,0.0007535219192504883
3037,bdc,cmre,5,5,0.0006583333015441895
3037,bdc,cmre,5,6,0.0016522407531738281
3037,bdc,cmre,5,7,0.001816868782043457
3037,bdc,cmre,5,8,0.0012378096580505371
3037,bdc,cmre,5,9,0.0142325758934021
3037,bdc,cmre,6,0,0.017019152641296387
3037,bdc,cmre,6,1,0.006174802780151367
3037,bdc,cmre,6,2,0.005820870399475098
3037,bdc,cmre,6,3,0.004785656929016113
3037,bdc,cmre,6,4,0.0017878413200378418
3037,bdc,cmre,6,5,0.0011664032936096191
3037,bdc,cmre,6,6,0.004494369029998779
3037,bdc,cmre,6,7,0.005159318447113037
3037,bdc,cmre,6,8,0.003927707672119141
3037,bdc,cmre,6,9,0.015816330909729004
3037,bdc,cmre,7,0,0.01304018497467041
3037,bdc,cmre,7,1,0.008382022380828857
3037,bdc,cmre,7,2,0.0010461807250976562
3037,bdc,cmre,7,3,0.0048182010650634766
3037,bdc,cmre,7,4,0.003005385398864746
3037,bdc,cmre,7,5,0.0030260086059570312
3037,bdc,cmre,7,6,0.0064508914947509766
3037,bdc,cmre,7,7,0.0015003681182861328
3037,bdc,cmre,7,8,0.006249904632568359
3037,bdc,cmre,7,9,0.01313316822052002
3037,bdc,cmre,8,0,0.011550545692443848
3037,bdc,cmre,8,1,0.0057700276374816895
3037,bdc,cmre,8,2,0.0011366009712219238
3037,bdc,cmre,8,3,0.0007675290107727051
3037,bdc,cmre,8,4,0.0008084774017333984
3037,bdc,cmre,8,5,0.0007615089416503906
3037,bdc,cmre,8,6,0.0009132027626037598
3037,bdc,cmre,8,7,0.0005472898483276367
3037,bdc,cmre,8,8,0.005443096160888672
3037,bdc,cmre,8,9,0.011063814163208008
3037,bdc,cmre,9,0,0.01045238971710205
3037,bdc,cmre,9,1,0.009504199028015137
3037,bdc,cmre,9,2,0.008858084678649902
3037,bdc,cmre,9,3,0.010505914688110352
3037,bdc,cmre,9,4,0.002012789249420166
3037,bdc,cmre,9,5,0.0014733076095581055
3037,bdc,cmre,9,6,0.00750887393951416
3037,bdc,cmre,9,7,0.00577545166015625
3037,bdc,cmre,9,8,0.008910119533538818
3037,bdc,cmre,9,9,0.007402181625366211
156,bdc,raw,0,0,0.0007266998291015625
156,bdc,raw,0,1,0.0009667277336120605
156,bdc,raw,0,2,0.0011313557624816895
156,bdc,raw,0,3,0.0017708539962768555
156,bdc,raw,0,4,0.0017524361610412598
156,bdc,raw,0,5,0.0015059113502502441
156,bdc,raw,0,6,0.0014440417289733887
156,bdc,raw,0,7,0.0012500882148742676
156,bdc,raw,0,8,0.0009940862655639648
156,bdc,raw,0,9,0.0007815361022949219
156,bdc,raw,1,0,0.0005418062210083008
156,bdc,raw,1,1,0.0019144415855407715
156,bdc,raw,1,2,0.002612590789794922
156,bdc,raw,1,3,0.00211256742477417
156,bdc,raw,1,4,0.0023722052574157715
156,bdc,raw,1,5,0.0020880699157714844
156,bdc,raw,1,6,0.0020575523376464844
156,bdc,raw,1,7,0.0016087889671325684
156,bdc,raw,1,8,0.0010148882865905762
156,bdc,raw,1,9,0.0006185770034790039
156,bdc,raw,2,0,0.0007385015487670898
156,bdc,raw,2,1,0.0013309121131896973
156,bdc,raw,2,2,0.001742541790008545
156,bdc,raw,2,3,0.0018934011459350586
156,bdc,raw,2,4,0.002825498580932617
156,bdc,raw,2,5,0.002022385597229004
156,bdc,raw,2,6,0.0018759965896606445
156,bdc,raw,2,7,0.0020848512649536133
156,bdc,raw,2,8,0.0016321539878845215
156,bdc,raw,2,9,0.0007190108299255371
156,bdc,raw,3,0,0.0008167028427124023
156,bdc,raw,3,1,0.0013251304626464844
156,bdc,raw,3,2,0.0013788938522338867
156,bdc,raw,3,3,0.001898050308227539
156,bdc,raw,3,4,0.003097057342529297
156,bdc,raw,3,5,0.0017243623733520508
156,bdc,raw,3,6,0.0015706419944763184
156,bdc,raw,3,7,0.0017492175102233887
156,bdc,raw,3,8,0.001550137996673584
156,bdc,raw,3,9,0.0012053847312927246
156,bdc,raw,4,0,0.0006997585296630859
156,bdc,raw,4,1,0.0008630752563476562
156,bdc,raw,4,2,0.0009278655052185059
156,bdc,raw,4,3,0.0013751983642578125
156,bdc,raw,4,4,0.0019445419311523438
156,bdc,raw,4,5,0.0015842318534851074
156,bdc,raw,4,6,0.0015926957130432129
156,bdc,raw,4,7,0.001205742359161377
156,bdc,raw,4,8,0.0008018612861633301
156,bdc,raw,4,9,0.0005633234977722168
156,bdc,raw,5,0,0.0006881952285766602
156,bdc,raw,5,1,0.0009268522262573242
156,bdc,raw,5,2,0.001217186450958252
156,bdc,raw,5,3,0.0023518800735473633
156,bdc,raw,5,4,0.004904627799987793
156,bdc,raw,5,5,0.0021428465843200684
156,bdc,raw,5,6,0.0017050504684448242
156,bdc,raw,5,7,0.0015520453453063965
156,bdc,raw,5,8,0.0012796521186828613
156,bdc,raw,5,9,0.0005523562431335449
156,bdc,raw,6,0,0.0013339519500732422
156,bdc,raw,6,1,0.0019552111625671387
156,bdc,raw,6,2,0.0023304224014282227
156,bdc,raw,6,3,0.003114640712738037
156,bdc,raw,6,4,0.004039883613586426
156,bdc,raw,6,5,0.003922820091247559
156,bdc,raw,6,6,0.004562795162200928
156,bdc,raw,6,7,0.0025643110275268555
156,bdc,raw,6,8,0.002221822738647461
156,bdc,raw,6,9,0.0009047985076904297
156,bdc,raw,7,0,0.0010216832160949707
156,bdc,raw,7,1,0.0020087361335754395
156,bdc,raw,7,2,0.002057373523712158
156,bdc,raw,7,3,0.003135859966278076
156,bdc,raw,7,4,0.0037534236907958984
156,bdc,raw,7,5,0.004299521446228027
156,bdc,raw,7,6,0.004093647003173828
156,bdc,raw,7,7,0.0020253658294677734
156,bdc,raw,7,8,0.0009671449661254883
156,bdc,raw,7,9,0.0007072687149047852
156,bdc,raw,8,0,0.0007174015045166016
156,bdc,raw,8,1,0.0011806488037109375
156,bdc,raw,8,2,0.0012298822402954102
156,bdc,raw,8,3,0.0013266801834106445
156,bdc,raw,8,4,0.0019322037696838379
156,bdc,raw,8,5,0.0022840499877929688
156,bdc,raw,8,6,0.0016149282455444336
156,bdc,raw,8,7,0.0014044642448425293
156,bdc,raw,8,8,0.0012846589088439941
156,bdc,raw,8,9,0.0006475448608398438
156,bdc,raw,9,0,0.0006317496299743652
156,bdc,raw,9,1,0.000677943229675293
156,bdc,raw,9,2,0.000587761402130127
156,bdc,raw,9,3,0.0007371306419372559
156,bdc,raw,9,4,0.0007793307304382324
156,bdc,raw,9,5,0.0007340908050537109
156,bdc,raw,9,6,0.0007194280624389648
156,bdc,raw,9,7,0.0007111430168151855
156,bdc,raw,9,8,0.0006375312805175781
156,bdc,raw,9,9,0.000580906867980957
156,bdc,cmre,0,0,0.0005916357040405273
156,bdc,cmre,0,1,0.0005985498428344727
156,bdc,cmre,0,2,0.0006798505783081055
156,bdc,cmre,0,3,0.0010843276977539062
156,bdc,cmre,0,4,0.000961005687713623
156,bdc,cmre,0,5,0.0007609724998474121
156,bdc,cmre,0,6,0.0010567903518676758
156,bdc,cmre,0,7,0.0008005499839782715
156,bdc,cmre,0,8,0.0006766319274902344
156,bdc,cmre,0,9,0.000553131103515625
156,bdc,cmre,1,0,0.00038373470306396484
156,bdc,cmre,1,1,0.000846564769744873
156,bdc,cmre,1,2,0.0015696287155151367
156,bdc,cmre,1,3,0.0016595125198364258
156,bdc,cmre,1,4,0.0017944574356079102
156,bdc,cmre,1,5,0.0015148520469665527
156,bdc,cmre,1,6,0.0014809370040893555
156,bdc,cmre,1,7,0.0007941722869873047
156,bdc,cmre,1,8,0.0005904436111450195
156,bdc,cmre,1,9,0.00046885013580322266
156,bdc,cmre,2,0,0.0005574226379394531
156,bdc,cmre,2,1,0.0007981061935424805
156,bdc,cmre,2,2,0.0010284781455993652
156,bdc,cmre,2,3,0.0016646981239318848
156,bdc,cmre,2,4,0.0023973584175109863
156,bdc,cmre,2,5,0.001745462417602539
156,bdc,cmre,2,6,0.0015579462051391602
156,bdc,cmre,2,7,0.001175999641418457
156,bdc,cmre,2,8,0.0009061694145202637
156,bdc,cmre,2,9,0.0005354881286621094
156,bdc,cmre,3,0,0.0006011724472045898
156,bdc,cmre,3,1,0.0007753968238830566
156,bdc,cmre,3,2,0.0010291337966918945
156,bdc,cmre,3,3,0.0017039775848388672
156,bdc,cmre,3,4,0.0025647878646850586
156,bdc,cmre,3,5,0.0016897916793823242
156,bdc,cmre,3,6,0.001450181007385254
156,bdc,cmre,3,7,0.0011578798294067383
156,bdc,cmre,3,8,0.0010638236999511719
156,bdc,cmre,3,9,0.0005943775177001953
156,bdc,cmre,4,0,0.0006386041641235352
156,bdc,cmre,4,1,0.0006991028785705566
156,bdc,cmre,4,2,0.0009989738464355469
156,bdc,cmre,4,3,0.0015712976455688477
156,bdc,cmre,4,4,0.0018790960311889648
156,bdc,cmre,4,5,0.0015677213668823242
156,bdc,cmre,4,6,0.0016505718231201172
156,bdc,cmre,4,7,0.0012032389640808105
156,bdc,cmre,4,8,0.0008389949798583984
156,bdc,cmre,4,9,0.00034171342849731445
156,bdc,cmre,5,0,0.0006867051124572754
156,bdc,cmre,5,1,0.0005859732627868652
156,bdc,cmre,5,2,0.001191854476928711
156,bdc,cmre,5,3,0.0017252564430236816
156,bdc,cmre,5,4,0.0043364763259887695
156,bdc,cmre,5,5,0.001571059226989746
156,bdc,cmre,5,6,0.0015979409217834473
156,bdc,cmre,5,7,0.0011661052703857422
156,bdc,cmre,5,8,0.0008352994918823242
156,bdc,cmre,5,9,0.00042057037353515625
156,bdc,cmre,6,0,0.0010662078857421875
156,bdc,cmre,6,1,0.0016472339630126953
156,bdc,cmre,6,2,0.0017279386520385742
156,bdc,cmre,6,3,0.002305150032043457
156,bdc,cmre,6,4,0.003092646598815918
156,bdc,cmre,6,5,0.0032694339752197266
156,bdc,cmre,6,6,0.003171682357788086
156,bdc,cmre,6,7,0.0020644068717956543
156,bdc,cmre,6,8,0.001981079578399658
156,bdc,cmre,6,9,0.0006434917449951172
156,bdc,cmre,7,0,0.001223444938659668
156,bdc,cmre,7,1,0.001798093318939209
156,bdc,cmre,7,2,0.0014024972915649414
156,bdc,cmre,7,3,0.002395451068878174
156,bdc,cmre,7,4,0.002864241600036621
156,bdc,cmre,7,5,0.0029664039611816406
156,bdc,cmre,7,6,0.0022795796394348145
156,bdc,cmre,7,7,0.0011427998542785645
156,bdc,cmre,7,8,0.0009837150573730469
156,bdc,cmre,7,9,0.0005006194114685059
156,bdc,cmre,8,0,0.0005182027816772461
156,bdc,cmre,8,1,0.0010094642639160156
156,bdc,cmre,8,2,0.0009534955024719238
156,bdc,cmre,8,3,0.0008823871612548828
156,bdc,cmre,8,4,0.001097559928894043
156,bdc,cmre,8,5,0.001148223876953125
156,bdc,cmre,8,6,0.0009154081344604492
156,bdc,cmre,8,7,0.0010362863540649414
156,bdc,cmre,8,8,0.0009106993675231934
156,bdc,cmre,8,9,0.00035774707794189453
156,bdc,cmre,9,0,0.0006124973297119141
156,bdc,cmre,9,1,0.0009278059005737305
156,bdc,cmre,9,2,0.0007279515266418457
156,bdc,cmre,9,3,0.000905156135559082
156,bdc,cmre,9,4,0.0008161067962646484
156,bdc,cmre,9,5,0.0007831454277038574
156,bdc,cmre,9,6,0.0008556842803955078
156,bdc,cmre,9,7,0.0007108449935913086
156,bdc,cmre,9,8,0.0007533431053161621
156,bdc,cmre,9,9,0.00045359134674072266
1590,bdc,raw,0,0,0.038973212242126465
1590,bdc,raw,0,1,0.047893643379211426
1590,bdc,raw,0,2,0.05315041542053223
1590,bdc,raw,0,3,0.05154836177825928
1590,bdc,raw,0,4,0.042883336544036865
1590,bdc,raw,0,5,0.04231661558151245
1590,bdc,raw,0,6,0.05158674716949463
1590,bdc,raw,0,7,0.05172586441040039
1590,bdc,raw,0,8,0.04695272445678711
1590,bdc,raw,0,9,0.03768259286880493
1590,bdc,raw,1,0,0.04115593433380127
1590,bdc,raw,1,1,0.03816568851470947
1590,bdc,raw,1,2,0.04386281967163086
1590,bdc,raw,1,3,0.0432470440864563
1590,bdc,raw,1,4,0.042175889015197754
1590,bdc,raw,1,5,0.03993964195251465
1590,bdc,raw,1,6,0.04480242729187012
1590,bdc,raw,1,7,0.04342484474182129
1590,bdc,raw,1,8,0.039101243019104004
1590,bdc,raw,1,9,0.03815126419067383
1590,bdc,raw,2,0,0.05396151542663574
1590,bdc,raw,2,1,0.04734992980957031
1590,bdc,raw,2,2,0.05222058296203613
1590,bdc,raw,2,3,0.0563201904296875
1590,bdc,raw,2,4,0.05817931890487671
1590,bdc,raw,2,5,0.049297451972961426
1590,bdc,raw,2,6,0.04646831750869751
1590,bdc,raw,2,7,0.047595858573913574
1590,bdc,raw,2,8,0.052271485328674316
1590,bdc,raw,2,9,0.05247819423675537
1590,bdc,raw,3,0,0.04764759540557861
1590,bdc,raw,3,1,0.055563509464263916
1590,bdc,raw,3,2,0.055999815464019775
1590,bdc,raw,3,3,0.055708467960357666
1590,bdc,raw,3,4,0.051733970642089844
1590,bdc,raw,3,5,0.048218727111816406
1590,bdc,raw,3,6,0.053825974464416504
1590,bdc,raw,3,7,0.056044578552246094
1590,bdc,raw,3,8,0.05435919761657715
1590,bdc,raw,3,9,0.050993919372558594
1590,bdc,raw,4,0,0.0419040322303772
1590,bdc,raw,4,1,0.047476232051849365
1590,bdc,raw,4,2,0.04673349857330322
1590,bdc,raw,4,3,0.04665648937225342
1590,bdc,raw,4,4,0.03930729627609253
1590,bdc,raw,4,5,0.03613775968551636
1590,bdc,raw,4,6,0.050898611545562744
1590,bdc,raw,4,7,0.049896836280822754
1590,bdc,raw,4,8,0.047654569149017334
1590,bdc,raw,4,9,0.044065892696380615
1590,bdc,raw,5,0,0.039509594440460205
1590,bdc,raw,5,1,0.04845470190048218
1590,bdc,raw,5,2,0.04348856210708618
1590,bdc,raw,5,3,0.04553955793380737
1590,bdc,raw,5,4,0.039790987968444824
1590,bdc,raw,5,5,0.03722119331359863
1590,bdc,raw,5,6,0.04543650150299072
1590,bdc,raw,5,7,0.04839044809341431
1590,bdc,raw,5,8,0.04942399263381958
1590,bdc,raw,5,9,0.042619168758392334
1590,bdc,raw,6,0,0.0455930233001709
1590,bdc,raw,6,1,0.05145108699798584
1590,bdc,raw,6,2,0.050654828548431396
1590,bdc,raw,6,3,0.05380338430404663
1590,bdc,raw,6,4,0.05240833759307861
1590,bdc,raw,6,5,0.04851090908050537
1590,bdc,raw,6,6,0.05009889602661133
1590,bdc,raw,6,7,0.05035400390625
1590,bdc,raw,6,8,0.049083173274993896
1590,bdc,raw,6,9,0.04569673538208008
1590,bdc,raw,7,0,0.04240149259567261
1590,bdc,raw,7,1,0.0453987717628479
1590,bdc,raw,7,2,0.04493236541748047
1590,bdc,raw,7,3,0.042958080768585205
1590,bdc,raw,7,4,0.03904092311859131
1590,bdc,raw,7,5,0.041088104248046875
1590,bdc,raw,7,6,0.044927120208740234
1590,bdc,raw,7,7,0.04257607460021973
1590,bdc,raw,7,8,0.04506230354309082
1590,bdc,raw,7,9,0.043383121490478516
1590,bdc,raw,8,0,0.037532806396484375
1590,bdc,raw,8,1,0.04093313217163086
1590,bdc,raw,8,2,0.041891276836395264
1590,bdc,raw,8,3,0.04278296232223511
1590,bdc,raw,8,4,0.04125863313674927
1590,bdc,raw,8,5,0.04141366481781006
1590,bdc,raw,8,6,0.04458904266357422
1590,bdc,raw,8,7,0.04206395149230957
1590,bdc,raw,8,8,0.04375028610229492
1590,bdc,raw,8,9,0.03804206848144531
1590,bdc,raw,9,0,0.03217482566833496
1590,bdc,raw,9,1,0.03893774747848511
1590,bdc,raw,9,2,0.0407184362411499
1590,bdc,raw,9,3,0.04190033674240112
1590,bdc,raw,9,4,0.03693556785583496
1590,bdc,raw,9,5,0.03692793846130371
1590,bdc,raw,9,6,0.04198330640792847
1590,bdc,raw,9,7,0.039962708950042725
1590,bdc,raw,9,8,0.038302719593048096
1590,bdc,raw,9,9,0.031202614307403564
1590,bdc,cmre,0,0,0.012395143508911133
1590,bdc,cmre,0,1,0.021219491958618164
1590,bdc,cmre,0,2,0.021379530429840088
1590,bdc,cmre,0,3,0.01856088638305664
1590,bdc,cmre,0,4,0.011880993843078613
1590,bdc,cmre,0,5,0.012505292892456055
1590,bdc,cmre,0,6,0.01865142583847046
1590,bdc,cmre,0,7,0.019890427589416504
1590,bdc,cmre,0,8,0.019221186637878418
1590,bdc,cmre,0,9,0.010555922985076904
1590,bdc,cmre,1,0,0.009126067161560059
1590,bdc,cmre,1,1,0.004719376564025879
1590,bdc,cmre,1,2,0.004838526248931885
1590,bdc,cmre,1,3,0.005173802375793457
1590,bdc,cmre,1,4,0.004422426223754883
1590,bdc,cmre,1,5,0.0035497546195983887
1590,bdc,cmre,1,6,0.0050833821296691895
1590,bdc,cmre,1,7,0.0043936967849731445
1590,bdc,cmre,1,8,0.004069924354553223
1590,bdc,cmre,1,9,0.006431102752685547
1590,bdc,cmre,2,0,0.011387526988983154
1590,bdc,cmre,2,1,0.0068625807762146
1590,bdc,cmre,2,2,0.006765842437744141
1590,bdc,cmre,2,3,0.0063520073890686035
1590,bdc,cmre,2,4,0.006950497627258301
1590,bdc,cmre,2,5,0.004554331302642822
1590,bdc,cmre,2,6,0.004765689373016357
1590,bdc,cmre,2,7,0.004586279392242432
1590,bdc,cmre,2,8,0.006785392761230469
1590,bdc,cmre,2,9,0.0091172456741333
1590,bdc,cmre,3,0,0.004624843597412109
1590,bdc,cmre,3,1,0.006159067153930664
1590,bdc,cmre,3,2,0.006200432777404785
1590,bdc,cmre,3,3,0.005680263042449951
1590,bdc,cmre,3,4,0.004688620567321777
1590,bdc,cmre,3,5,0.0037200450897216797
1590,bdc,cmre,3,6,0.005705833435058594
1590,bdc,cmre,3,7,0.005193352699279785
1590,bdc,cmre,3,8,0.006055176258087158
1590,bdc,cmre,3,9,0.005146503448486328
1590,bdc,cmre,4,0,0.005870163440704346
1590,bdc,cmre,4,1,0.003800630569458008
1590,bdc,cmre,4,2,0.003153085708618164
1590,bdc,cmre,4,3,0.0034118294715881348
1590,bdc,cmre,4,4,0.0024440884590148926
1590,bdc,cmre,4,5,0.0017988085746765137
1590,bdc,cmre,4,6,0.004567742347717285
1590,bdc,cmre,4,7,0.0035138726234436035
1590,bdc,cmre,4,8,0.004364609718322754
1590,bdc,cmre,4,9,0.00566941499710083
1590,bdc,cmre,5,0,0.003737211227416992
1590,bdc,cmre,5,1,0.004085898399353027
1590,bdc,cmre,5,2,0.0029135942459106445
1590,bdc,cmre,5,3,0.0034439563751220703
1590,bdc,cmre,5,4,0.00275576114654541
1590,bdc,cmre,5,5,0.002148568630218506
1590,bdc,cmre,5,6,0.004324018955230713
1590,bdc,cmre,5,7,0.003265082836151123
1590,bdc,cmre,5,8,0.0039643049240112305
1590,bdc,cmre,5,9,0.0034264326095581055
1590,bdc,cmre,6,0,0.004798769950866699
1590,bdc,cmre,6,1,0.0051375627517700195
1590,bdc,cmre,6,2,0.004672527313232422
1590,bdc,cmre,6,3,0.005289793014526367
1590,bdc,cmre,6,4,0.004800558090209961
1590,bdc,cmre,6,5,0.0037537813186645508
1590,bdc,cmre,6,6,0.003951668739318848
1590,bdc,cmre,6,7,0.003689289093017578
1590,bdc,cmre,6,8,0.005010247230529785
1590,bdc,cmre,6,9,0.005020856857299805
1590,bdc,cmre,7,0,0.008824348449707031
1590,bdc,cmre,7,1,0.006033003330230713
1590,bdc,cmre,7,2,0.0038394927978515625
1590,bdc,cmre,7,3,0.004288852214813232
1590,bdc,cmre,7,4,0.004294037818908691
1590,bdc,cmre,7,5,0.003394603729248047
1590,bdc,cmre,7,6,0.003954172134399414
1590,bdc,cmre,7,7,0.0031650662422180176
1590,bdc,cmre,7,8,0.0037790536880493164
1590,bdc,cmre,7,9,0.007812082767486572
1590,bdc,cmre,8,0,0.004281759262084961
1590,bdc,cmre,8,1,0.0027185678482055664
1590,bdc,cmre,8,2,0.0034198760986328125
1590,bdc,cmre,8,3,0.0037081241607666016
1590,bdc,cmre,8,4,0.004004538059234619
1590,bdc,cmre,8,5,0.002650737762451172
1590,bdc,cmre,8,6,0.0036123991012573242
1590,bdc,cmre,8,7,0.003354489803314209
1590,bdc,cmre,8,8,0.003750443458557129
1590,bdc,cmre,8,9,0.003929495811462402
1590,bdc,cmre,9,0,0.006322264671325684
1590,bdc,cmre,9,1,0.011809945106506348
1590,bdc,cmre,9,2,0.011139631271362305
1590,bdc,cmre,9,3,0.013583064079284668
1590,bdc,cmre,9,4,0.008814573287963867
1590,bdc,cmre,9,5,0.007456183433532715
1590,bdc,cmre,9,6,0.011855363845825195
1590,bdc,cmre,9,7,0.009539663791656494
1590,bdc,cmre,9,8,0.011818349361419678
1590,bdc,cmre,9,9,0.005903303623199463
1912,bdc,raw,0,0,0.004402875900268555
1912,bdc,raw,0,1,0.026253700256347656
1912,bdc,raw,0,2,0.04958772659301758
1912,bdc,raw,0,3,0.05322200059890747
1912,bdc,raw,0,4,0.021397829055786133
1912,bdc,raw,0,5,0.016863584518432617
1912,bdc,raw,0,6,0.015864133834838867
1912,bdc,raw,0,7,0.028644919395446777
1912,bdc,raw,0,8,0.03420388698577881
1912,bdc,raw,0,9,0.003627955913543701
1912,bdc,raw,1,0,0.04675722122192383
1912,bdc,raw,1,1,0.05258381366729736
1912,bdc,raw,1,2,0.05412477254867554
1912,bdc,raw,1,3,0.05168724060058594
1912,bdc,raw,1,4,0.04425048828125
1912,bdc,raw,1,5,0.04903090000152588
1912,bdc,raw,1,6,0.0491829514503479
1912,bdc,raw,1,7,0.05192852020263672
1912,bdc,raw,1,8,0.05235248804092407
1912,bdc,raw,1,9,0.049170076847076416
1912,bdc,raw,2,0,0.05289238691329956
1912,bdc,raw,2,1,0.049800872802734375
1912,bdc,raw,2,2,0.048368096351623535
1912,bdc,raw,2,3,0.04852187633514404
1912,bdc,raw,2,4,0.049750685691833496
1912,bdc,raw,2,5,0.05149722099304199
1912,bdc,raw,2,6,0.04546654224395752
1912,bdc,raw,2,7,0.05106067657470703
1912,bdc,raw,2,8,0.05017727613449097
1912,bdc,raw,2,9,0.051355063915252686
1912,bdc,raw,3,0,0.04598236083984375
1912,bdc,raw,3,1,0.042563676834106445
1912,bdc,raw,3,2,0.036552608013153076
1912,bdc,raw,3,3,0.04696756601333618
1912,bdc,raw,3,4,0.04000884294509888
1912,bdc,raw,3,5,0.04657149314880371
1912,bdc,raw,3,6,0.03651118278503418
1912,bdc,raw,3,7,0.05030560493469238
1912,bdc,raw,3,8,0.05121701955795288
1912,bdc,raw,3,9,0.04946577548980713
1912,bdc,raw,4,0,0.03157234191894531
1912,bdc,raw,4,1,0.029547810554504395
1912,bdc,raw,4,2,0.02955329418182373
1912,bdc,raw,4,3,0.042250871658325195
1912,bdc,raw,4,4,0.005390524864196777
1912,bdc,raw,4,5,0.01904428005218506
1912,bdc,raw,4,6,0.03186142444610596
1912,bdc,raw,4,7,0.039056479930877686
1912,bdc,raw,4,8,0.04495757818222046
1912,bdc,raw,4,9,0.023300886154174805
1912,bdc,raw,5,0,0.0415959358215332
1912,bdc,raw,5,1,0.03524494171142578
1912,bdc,raw,5,2,0.033957839012145996
1912,bdc,raw,5,3,0.0423661470413208
1912,bdc,raw,5,4,0.012532413005828857
1912,bdc,raw,5,5,0.010308802127838135
1912,bdc,raw,5,6,0.041164398193359375
1912,bdc,raw,5,7,0.051947832107543945
1912,bdc,raw,5,8,0.043422043323516846
1912,bdc,raw,5,9,0.02096039056777954
1912,bdc,raw,6,0,0.043681979179382324
1912,bdc,raw,6,1,0.0385662317276001
1912,bdc,raw,6,2,0.035691797733306885
1912,bdc,raw,6,3,0.044249892234802246
1912,bdc,raw,6,4,0.04401504993438721
1912,bdc,raw,6,5,0.036275506019592285
1912,bdc,raw,6,6,0.04520153999328613
1912,bdc,raw,6,7,0.05383038520812988
1912,bdc,raw,6,8,0.04917764663696289
1912,bdc,raw,6,9,0.04394412040710449
1912,bdc,raw,7,0,0.04732578992843628
1912,bdc,raw,7,1,0.0372309684753418
1912,bdc,raw,7,2,0.03996741771697998
1912,bdc,raw,7,3,0.04640287160873413
1912,bdc,raw,7,4,0.04539632797241211
1912,bdc,raw,7,5,0.04022359848022461
1912,bdc,raw,7,6,0.045925259590148926
1912,bdc,raw,7,7,0.0498921275138855
1912,bdc,raw,7,8,0.049356698989868164
1912,bdc,raw,7,9,0.05051785707473755
1912,bdc,raw,8,0,0.04750412702560425
1912,bdc,raw,8,1,0.041571855545043945
1912,bdc,raw,8,2,0.04704231023788452
1912,bdc,raw,8,3,0.04949450492858887
1912,bdc,raw,8,4,0.04370462894439697
1912,bdc,raw,8,5,0.04252880811691284
1912,bdc,raw,8,6,0.042221009731292725
1912,bdc,raw,8,7,0.043546974658966064
1912,bdc,raw,8,8,0.04727059602737427
1912,bdc,raw,8,9,0.04531443119049072
1912,bdc,raw,9,0,0.005118668079376221
1912,bdc,raw,9,1,0.02660268545150757
1912,bdc,raw,9,2,0.03439575433731079
1912,bdc,raw,9,3,0.042143821716308594
1912,bdc,raw,9,4,0.013830244541168213
1912,bdc,raw,9,5,0.03109002113342285
1912,bdc,raw,9,6,0.04144865274429321
1912,bdc,raw,9,7,0.04270350933074951
1912,bdc,raw,9,8,0.04114556312561035
1912,bdc,raw,9,9,0.026451587677001953
1912,bdc,cmre,0,0,0.0012744665145874023
1912,bdc,cmre,0,1,0.001877427101135254
1912,bdc,cmre,0,2,0.0025727152824401855
1912,bdc,cmre,0,3,0.0031325221061706543
1912,bdc,cmre,0,4,0.0019927024841308594
1912,bdc,cmre,0,5,0.002180039882659912
1912,bdc,cmre,0,6,0.0020900964736938477
1912,bdc,cmre,0,7,0.0020245909690856934
1912,bdc,cmre,0,8,0.0018689632415771484
1912,bdc,cmre,0,9,0.0011229515075683594
1912,bdc,cmre,1,0,0.002385735511779785
1912,bdc,cmre,1,1,0.0019508600234985352
1912,bdc,cmre,1,2,0.0019834041595458984
1912,bdc,cmre,1,3,0.0021876096725463867
1912,bdc,cmre,1,4,0.0020296573638916016
1912,bdc,cmre,1,5,0.0027430057525634766
1912,bdc,cmre,1,6,0.002998828887939453
1912,bdc,cmre,1,7,0.0022597312927246094
1912,bdc,cmre,1,8,0.002359330654144287
1912,bdc,cmre,1,9,0.002572774887084961
1912,bdc,cmre,2,0,0.003543376922607422
1912,bdc,cmre,2,1,0.002011597156524658
1912,bdc,cmre,2,2,0.001931905746459961
1912,bdc,cmre,2,3,0.002496063709259033
1912,bdc,cmre,2,4,0.002390742301940918
1912,bdc,cmre,2,5,0.002999722957611084
1912,bdc,cmre,2,6,0.0035398006439208984
1912,bdc,cmre,2,7,0.0032199621200561523
1912,bdc,cmre,2,8,0.0026717185974121094
1912,bdc,cmre,2,9,0.003741741180419922
1912,bdc,cmre,3,0,0.004086017608642578
1912,bdc,cmre,3,1,0.002267599105834961
1912,bdc,cmre,3,2,0.0021393299102783203
1912,bdc,cmre,3,3,0.003532588481903076
1912,bdc,cmre,3,4,0.003259420394897461
1912,bdc,cmre,3,5,0.0032524466514587402
1912,bdc,cmre,3,6,0.0037523508071899414
1912,bdc,cmre,3,7,0.003634333610534668
1912,bdc,cmre,3,8,0.0027257204055786133
1912,bdc,cmre,3,9,0.0037856698036193848
1912,bdc,cmre,4,0,0.004624605178833008
1912,bdc,cmre,4,1,0.0021303296089172363
1912,bdc,cmre,4,2,0.001885533332824707
1912,bdc,cmre,4,3,0.001976191997528076
1912,bdc,cmre,4,4,0.0015444755554199219
1912,bdc,cmre,4,5,0.002117633819580078
1912,bdc,cmre,4,6,0.002696096897125244
1912,bdc,cmre,4,7,0.0031508207321166992
1912,bdc,cmre,4,8,0.002261340618133545
1912,bdc,cmre,4,9,0.00331956148147583
1912,bdc,cmre,5,0,0.005132317543029785
1912,bdc,cmre,5,1,0.002128899097442627
1912,bdc,cmre,5,2,0.0020589232444763184
1912,bdc,cmre,5,3,0.0017756819725036621
1912,bdc,cmre,5,4,0.0021196603775024414
1912,bdc,cmre,5,5,0.0016751289367675781
1912,bdc,cmre,5,6,0.002868831157684326
1912,bdc,cmre,5,7,0.0030906200408935547
1912,bdc,cmre,5,8,0.0017709136009216309
1912,bdc,cmre,5,9,0.00305938720703125
1912,bdc,cmre,6,0,0.00451284646987915
1912,bdc,cmre,6,1,0.0028411149978637695
1912,bdc,cmre,6,2,0.003070354461669922
1912,bdc,cmre,6,3,0.002666473388671875
1912,bdc,cmre,6,4,0.0028458833694458008
1912,bdc,cmre,6,5,0.002344965934753418
1912,bdc,cmre,6,6,0.00315016508102417
1912,bdc,cmre,6,7,0.0028791427612304688
1912,bdc,cmre,6,8,0.002707242965698242
1912,bdc,cmre,6,9,0.0035770535469055176
1912,bdc,cmre,7,0,0.004202008247375488
1912,bdc,cmre,7,1,0.002017378807067871
1912,bdc,cmre,7,2,0.0016627311706542969
1912,bdc,cmre,7,3,0.002991199493408203
1912,bdc,cmre,7,4,0.0028544068336486816
1912,bdc,cmre,7,5,0.00287020206451416
1912,bdc,cmre,7,6,0.0029925107955932617
1912,bdc,cmre,7,7,0.0029883384704589844
1912,bdc,cmre,7,8,0.0027576684951782227
1912,bdc,cmre,7,9,0.00402146577835083
1912,bdc,cmre,8,0,0.0029784440994262695
1912,bdc,cmre,8,1,0.0020633935928344727
1912,bdc,cmre,8,2,0.0022755861282348633
1912,bdc,cmre,8,3,0.0024756789207458496
1912,bdc,cmre,8,4,0.0019935965538024902
1912,bdc,cmre,8,5,0.0027196407318115234
1912,bdc,cmre,8,6,0.0022506117820739746
1912,bdc,cmre,8,7,0.002798914909362793
1912,bdc,cmre,8,8,0.0029866695404052734
1912,bdc,cmre,8,9,0.0031316280364990234
1912,bdc,cmre,9,0,0.0009812116622924805
1912,bdc,cmre,9,1,0.001374661922454834
1912,bdc,cmre,9,2,0.001672506332397461
1912,bdc,cmre,9,3,0.0018117427825927734
1912,bdc,cmre,9,4,0.0015434026718139648
1912,bdc,cmre,9,5,0.00250929594039917
1912,bdc,cmre,9,6,0.002528846263885498
1912,bdc,cmre,9,7,0.0025610923767089844
1912,bdc,cmre,9,8,0.0026854276657104492
1912,bdc,cmre,9,9,0.001771688461303711
2671,bdc,raw,0,0,0.033976852893829346
2671,bdc,raw,0,1,0.031555771827697754
2671,bdc,raw,0,2,0.03007441759109497
2671,bdc,raw,0,3,0.0294644832611084
2671,bdc,raw,0,4,0.0324094295501709
2671,bdc,raw,0,5,0.031906843185424805
2671,bdc,raw,0,6,0.029855072498321533
2671,bdc,raw,0,7,0.030420660972595215
2671,bdc,raw,0,8,0.03381037712097168
2671,bdc,raw,0,9,0.035069167613983154
2671,bdc,raw,1,0,0.03370612859725952
2671,bdc,raw,1,1,0.03267925977706909
2671,bdc,raw,1,2,0.028687596321105957
2671,bdc,raw,1,3,0.02898406982421875
2671,bdc,raw,1,4,0.03130972385406494
2671,bdc,raw,1,5,0.031215786933898926
2671,bdc,raw,1,6,0.029621899127960205
2671,bdc,raw,1,7,0.029648303985595703
2671,bdc,raw,1,8,0.03156477212905884
2671,bdc,raw,1,9,0.03199303150177002
2671,bdc,raw,2,0,0.033691227436065674
2671,bdc,raw,2,1,0.03280234336853027
2671,bdc,raw,2,2,0.029856383800506592
2671,bdc,raw,2,3,0.02981090545654297
2671,bdc,raw,2,4,0.0310976505279541
2671,bdc,raw,2,5,0.030476868152618408
2671,bdc,raw,2,6,0.031264662742614746
2671,bdc,raw,2,7,0.029642581939697266
2671,bdc,raw,2,8,0.03052818775177002
2671,bdc,raw,2,9,0.031983256340026855
2671,bdc,raw,3,0,0.03436070680618286
2671,bdc,raw,3,1,0.030959129333496094
2671,bdc,raw,3,2,0.02987039089202881
2671,bdc,raw,3,3,0.02914142608642578
2671,bdc,raw,3,4,0.030507802963256836
2671,bdc,raw,3,5,0.02900683879852295
2671,bdc,raw,3,6,0.02911323308944702
2671,bdc,raw,3,7,0.029698073863983154
2671,bdc,raw,3,8,0.030051112174987793
2671,bdc,raw,3,9,0.031585872173309326
2671,bdc,raw,4,0,0.03368055820465088
2671,bdc,raw,4,1,0.0280534029006958
2671,bdc,raw,4,2,0.02760934829711914
2671,bdc,raw,4,3,0.02826446294784546
2671,bdc,raw,4,4,0.02984333038330078
2671,bdc,raw,4,5,0.028375983238220215
2671,bdc,raw,4,6,0.027558207511901855
2671,bdc,raw,4,7,0.026323378086090088
2671,bdc,raw,4,8,0.028334379196166992
2671,bdc,raw,4,9,0.03432619571685791
2671,bdc,raw,5,0,0.03615546226501465
2671,bdc,raw,5,1,0.030459284782409668
2671,bdc,raw,5,2,0.029908359050750732
2671,bdc,raw,5,3,0.027981162071228027
2671,bdc,raw,5,4,0.031678080558776855
2671,bdc,raw,5,5,0.029120445251464844
2671,bdc,raw,5,6,0.026766180992126465
2671,bdc,raw,5,7,0.028701424598693848
2671,bdc,raw,5,8,0.032985806465148926
2671,bdc,raw,5,9,0.013478755950927734
2671,bdc,raw,6,0,0.03358185291290283
2671,bdc,raw,6,1,0.028898239135742188
2671,bdc,raw,6,2,0.02868521213531494
2671,bdc,raw,6,3,0.0275801420211792
2671,bdc,raw,6,4,0.030177772045135498
2671,bdc,raw,6,5,0.028935492038726807
2671,bdc,raw,6,6,0.027967989444732666
2671,bdc,raw,6,7,0.028317570686340332
2671,bdc,raw,6,8,0.030083537101745605
2671,bdc,raw,6,9,0.03203517198562622
2671,bdc,raw,7,0,0.03614163398742676
2671,bdc,raw,7,1,0.030947744846343994
2671,bdc,raw,7,2,0.029112398624420166
2671,bdc,raw,7,3,0.029594779014587402
2671,bdc,raw,7,4,0.029900014400482178
2671,bdc,raw,7,5,0.029607057571411133
2671,bdc,raw,7,6,0.028594613075256348
2671,bdc,raw,7,7,0.029543817043304443
2671,bdc,raw,7,8,0.03059631586074829
2671,bdc,raw,7,9,0.035214245319366455
2671,bdc,raw,8,0,0.03635048866271973
2671,bdc,raw,8,1,0.030722856521606445
2671,bdc,raw,8,2,0.029381752014160156
2671,bdc,raw,8,3,0.029531002044677734
2671,bdc,raw,8,4,0.02954179048538208
2671,bdc,raw,8,5,0.029605865478515625
2671,bdc,raw,8,6,0.02972191572189331
2671,bdc,raw,8,7,0.02844613790512085
2671,bdc,raw,8,8,0.029147744178771973
2671,bdc,raw,8,9,0.03735482692718506
2671,bdc,raw,9,0,0.034001827239990234
2671,bdc,raw,9,1,0.028313279151916504
2671,bdc,raw,9,2,0.028203964233398438
2671,bdc,raw,9,3,0.025973796844482422
2671,bdc,raw,9,4,0.03050774335861206
2671,bdc,raw,9,5,0.03002244234085083
2671,bdc,raw,9,6,0.02834498882293701
2671,bdc,raw,9,7,0.027773678302764893
2671,bdc,raw,9,8,0.02979147434234619
2671,bdc,raw,9,9,0.03283780813217163
2671,bdc,cmre,0,0,0.0018219947814941406
2671,bdc,cmre,0,1,0.0029468536376953125
2671,bdc,cmre,0,2,0.003236532211303711
2671,bdc,cmre,0,3,0.00443953275680542
2671,bdc,cmre,0,4,0.0027021169662475586
2671,bdc,cmre,0,5,0.0026237964630126953
2671,bdc,cmre,0,6,0.003818988800048828
2671,bdc,cmre,0,7,0.0028535127639770508
2671,bdc,cmre,0,8,0.002922654151916504
2671,bdc,cmre,0,9,0.00240480899810791
2671,bdc,cmre,1,0,0.00271451473236084
2671,bdc,cmre,1,1,0.0034606456756591797
2671,bdc,cmre,1,2,0.004400849342346191
2671,bdc,cmre,1,3,0.004763424396514893
2671,bdc,cmre,1,4,0.004364728927612305
2671,bdc,cmre,1,5,0.004043102264404297
2671,bdc,cmre,1,6,0.0048413872718811035
2671,bdc,cmre,1,7,0.0029022693634033203
2671,bdc,cmre,1,8,0.0022972822189331055
2671,bdc,cmre,1,9,0.0033602118492126465
2671,bdc,cmre,2,0,0.0027272701263427734
2671,bdc,cmre,2,1,0.004059314727783203
2671,bdc,cmre,2,2,0.0047141313552856445
2671,bdc,cmre,2,3,0.006503760814666748
2671,bdc,cmre,2,4,0.005510449409484863
2671,bdc,cmre,2,5,0.005629599094390869
2671,bdc,cmre,2,6,0.0063934326171875
2671,bdc,cmre,2,7,0.0042378902435302734
2671,bdc,cmre,2,8,0.0025403499603271484
2671,bdc,cmre,2,9,0.004485368728637695
2671,bdc,cmre,3,0,0.0036777853965759277
2671,bdc,cmre,3,1,0.004092514514923096
2671,bdc,cmre,3,2,0.005244731903076172
2671,bdc,cmre,3,3,0.008061587810516357
2671,bdc,cmre,3,4,0.006760835647583008
2671,bdc,cmre,3,5,0.006773948669433594
2671,bdc,cmre,3,6,0.007805585861206055
2671,bdc,cmre,3,7,0.004969477653503418
2671,bdc,cmre,3,8,0.003858804702758789
2671,bdc,cmre,3,9,0.003972887992858887
2671,bdc,cmre,4,0,0.0022716522216796875
2671,bdc,cmre,4,1,0.002236008644104004
2671,bdc,cmre,4,2,0.003928482532501221
2671,bdc,cmre,4,3,0.007284998893737793
2671,bdc,cmre,4,4,0.0053675174713134766
2671,bdc,cmre,4,5,0.004974365234375
2671,bdc,cmre,4,6,0.006662249565124512
2671,bdc,cmre,4,7,0.003035902976989746
2671,bdc,cmre,4,8,0.0019555091857910156
2671,bdc,cmre,4,9,0.002231597900390625
2671,bdc,cmre,5,0,0.0030254721641540527
2671,bdc,cmre,5,1,0.001858353614807129
2671,bdc,cmre,5,2,0.003943800926208496
2671,bdc,cmre,5,3,0.00650179386138916
2671,bdc,cmre,5,4,0.005094468593597412
2671,bdc,cmre,5,5,0.004954278469085693
2671,bdc,cmre,5,6,0.005812227725982666
2671,bdc,cmre,5,7,0.003051280975341797
2671,bdc,cmre,5,8,0.001106858253479004
2671,bdc,cmre,5,9,0.0008469820022583008
2671,bdc,cmre,6,0,0.0022503137588500977
2671,bdc,cmre,6,1,0.003931522369384766
2671,bdc,cmre,6,2,0.004574298858642578
2671,bdc,cmre,6,3,0.007252335548400879
2671,bdc,cmre,6,4,0.0069016218185424805
2671,bdc,cmre,6,5,0.007018387317657471
2671,bdc,cmre,6,6,0.00805974006652832
2671,bdc,cmre,6,7,0.004486560821533203
2671,bdc,cmre,6,8,0.002973496913909912
2671,bdc,cmre,6,9,0.0014844536781311035
2671,bdc,cmre,7,0,0.002196192741394043
2671,bdc,cmre,7,1,0.004213571548461914
2671,bdc,cmre,7,2,0.004005491733551025
2671,bdc,cmre,7,3,0.005591332912445068
2671,bdc,cmre,7,4,0.00509953498840332
2671,bdc,cmre,7,5,0.005685567855834961
2671,bdc,cmre,7,6,0.005631685256958008
2671,bdc,cmre,7,7,0.003621220588684082
2671,bdc,cmre,7,8,0.0027475953102111816
2671,bdc,cmre,7,9,0.0037305355072021484
2671,bdc,cmre,8,0,0.0016356706619262695
2671,bdc,cmre,8,1,0.00363767147064209
2671,bdc,cmre,8,2,0.0031976699829101562
2671,bdc,cmre,8,3,0.004275321960449219
2671,bdc,cmre,8,4,0.002862393856048584
2671,bdc,cmre,8,5,0.0032382607460021973
2671,bdc,cmre,8,6,0.004449188709259033
2671,bdc,cmre,8,7,0.0028818845748901367
2671,bdc,cmre,8,8,0.001732945442199707
2671,bdc,cmre,8,9,0.003210604190826416
2671,bdc,cmre,9,0,0.001099228858947754
2671,bdc,cmre,9,1,0.0025632381439208984
2671,bdc,cmre,9,2,0.0028589367866516113
2671,bdc,cmre,9,3,0.0028492212295532227
2671,bdc,cmre,9,4,0.0014855265617370605
2671,bdc,cmre,9,5,0.0018510818481445312
2671,bdc,cmre,9,6,0.003544330596923828
2671,bdc,cmre,9,7,0.00277554988861084
2671,bdc,cmre,9,8,0.002408266067504883
2671,bdc,cmre,9,9,0.003405451774597168
1670,bdc,raw,0,0,0.004800617694854736
1670,bdc,raw,0,1,0.006689250469207764
1670,bdc,raw,0,2,0.006654143333435059
1670,bdc,raw,0,3,0.0059021711349487305
1670,bdc,raw,0,4,0.00393366813659668
1670,bdc,raw,0,5,0.004940927028656006
1670,bdc,raw,0,6,0.007530570030212402
1670,bdc,raw,0,7,0.005978524684906006
1670,bdc,raw,0,8,0.0047574639320373535
1670,bdc,raw,0,9,0.00321805477142334
1670,bdc,raw,1,0,0.003976166248321533
1670,bdc,raw,1,1,0.004839777946472168
1670,bdc,raw,1,2,0.006181240081787109
1670,bdc,raw,1,3,0.006571412086486816
1670,bdc,raw,1,4,0.005381107330322266
1670,bdc,raw,1,5,0.004641532897949219
1670,bdc,raw,1,6,0.005692422389984131
1670,bdc,raw,1,7,0.007732093334197998
1670,bdc,raw,1,8,0.004937171936035156
1670,bdc,raw,1,9,0.0036321282386779785
1670,bdc,raw,2,0,0.0049887895584106445
1670,bdc,raw,2,1,0.0055675506591796875
1670,bdc,raw,2,2,0.007722735404968262
1670,bdc,raw,2,3,0.0078122615814208984
1670,bdc,raw,2,4,0.00713658332824707
1670,bdc,raw,2,5,0.00662839412689209
1670,bdc,raw,2,6,0.0076100826263427734
1670,bdc,raw,2,7,0.006704747676849365
1670,bdc,raw,2,8,0.005758762359619141
1670,bdc,raw,2,9,0.004376649856567383
1670,bdc,raw,3,0,0.0034025907516479492
1670,bdc,raw,3,1,0.006397843360900879
1670,bdc,raw,3,2,0.007835865020751953
1670,bdc,raw,3,3,0.008009612560272217
1670,bdc,raw,3,4,0.006818413734436035
1670,bdc,raw,3,5,0.005706489086151123
1670,bdc,raw,3,6,0.006490468978881836
1670,bdc,raw,3,7,0.007616996765136719
1670,bdc,raw,3,8,0.0048760175704956055
1670,bdc,raw,3,9,0.004967093467712402
1670,bdc,raw,4,0,0.002667665481567383
1670,bdc,raw,4,1,0.004984617233276367
1670,bdc,raw,4,2,0.005834400653839111
1670,bdc,raw,4,3,0.006650567054748535
1670,bdc,raw,4,4,0.004492759704589844
1670,bdc,raw,4,5,0.0036916136741638184
1670,bdc,raw,4,6,0.004734158515930176
1670,bdc,raw,4,7,0.005378127098083496
1670,bdc,raw,4,8,0.004501760005950928
1670,bdc,raw,4,9,0.003569960594177246
1670,bdc,raw,5,0,0.0028104782104492188
1670,bdc,raw,5,1,0.004800856113433838
1670,bdc,raw,5,2,0.005433082580566406
1670,bdc,raw,5,3,0.0048285722732543945
1670,bdc,raw,5,4,0.003611266613006592
1670,bdc,raw,5,5,0.0033996105194091797
1670,bdc,raw,5,6,0.0044209957122802734
1670,bdc,raw,5,7,0.00570988655090332
1670,bdc,raw,5,8,0.004199087619781494
1670,bdc,raw,5,9,0.004428982734680176
1670,bdc,raw,6,0,0.0048978328704833984
1670,bdc,raw,6,1,0.004662513732910156
1670,bdc,raw,6,2,0.005918443202972412
1670,bdc,raw,6,3,0.006191611289978027
1670,bdc,raw,6,4,0.0043814778327941895
1670,bdc,raw,6,5,0.0037125349044799805
1670,bdc,raw,6,6,0.0060577392578125
1670,bdc,raw,6,7,0.006451606750488281
1670,bdc,raw,6,8,0.005146145820617676
1670,bdc,raw,6,9,0.004480719566345215
1670,bdc,raw,7,0,0.004731297492980957
1670,bdc,raw,7,1,0.005036532878875732
1670,bdc,raw,7,2,0.006031513214111328
1670,bdc,raw,7,3,0.006585657596588135
1670,bdc,raw,7,4,0.01047062873840332
1670,bdc,raw,7,5,0.00522536039352417
1670,bdc,raw,7,6,0.0060926079750061035
1670,bdc,raw,7,7,0.006293952465057373
1670,bdc,raw,7,8,0.006055951118469238
1670,bdc,raw,7,9,0.005674600601196289
1670,bdc,raw,8,0,0.003432631492614746
1670,bdc,raw,8,1,0.00375211238861084
1670,bdc,raw,8,2,0.0056340694427490234
1670,bdc,raw,8,3,0.0059958696365356445
1670,bdc,raw,8,4,0.004551410675048828
1670,bdc,raw,8,5,0.005118608474731445
1670,bdc,raw,8,6,0.005725741386413574
1670,bdc,raw,8,7,0.005100131034851074
1670,bdc,raw,8,8,0.004585385322570801
1670,bdc,raw,8,9,0.003692030906677246
1670,bdc,raw,9,0,0.003693222999572754
1670,bdc,raw,9,1,0.0036734342575073242
1670,bdc,raw,9,2,0.005779564380645752
1670,bdc,raw,9,3,0.004881024360656738
1670,bdc,raw,9,4,0.0041678547859191895
1670,bdc,raw,9,5,0.0034584999084472656
1670,bdc,raw,9,6,0.004425048828125
1670,bdc,raw,9,7,0.004722177982330322
1670,bdc,raw,9,8,0.0038715600967407227
1670,bdc,raw,9,9,0.002451479434967041
1670,bdc,cmre,0,0,0.0018287301063537598
1670,bdc,cmre,0,1,0.003566443920135498
1670,bdc,cmre,0,2,0.0028945207595825195
1670,bdc,cmre,0,3,0.0029389262199401855
1670,bdc,cmre,0,4,0.0015372037887573242
1670,bdc,cmre,0,5,0.001410841941833496
1670,bdc,cmre,0,6,0.003450632095336914
1670,bdc,cmre,0,7,0.0023940205574035645
1670,bdc,cmre,0,8,0.002054929733276367
1670,bdc,cmre,0,9,0.0009336471557617188
1670,bdc,cmre,1,0,0.001270294189453125
1670,bdc,cmre,1,1,0.0015877485275268555
1670,bdc,cmre,1,2,0.0023198723793029785
1670,bdc,cmre,1,3,0.0030862092971801758
1670,bdc,cmre,1,4,0.002493560314178467
1670,bdc,cmre,1,5,0.002151310443878174
1670,bdc,cmre,1,6,0.0016570091247558594
1670,bdc,cmre,1,7,0.0028206706047058105
1670,bdc,cmre,1,8,0.0012205243110656738
1670,bdc,cmre,1,9,0.001209259033203125
1670,bdc,cmre,2,0,0.00150984525680542
1670,bdc,cmre,2,1,0.0017511844635009766
1670,bdc,cmre,2,2,0.0032314062118530273
1670,bdc,cmre,2,3,0.003582179546356201
1670,bdc,cmre,2,4,0.004321157932281494
1670,bdc,cmre,2,5,0.004120826721191406
1670,bdc,cmre,2,6,0.003530561923980713
1670,bdc,cmre,2,7,0.002450883388519287
1670,bdc,cmre,2,8,0.0013251304626464844
1670,bdc,cmre,2,9,0.0010219812393188477
1670,bdc,cmre,3,0,0.0008308887481689453
1670,bdc,cmre,3,1,0.001756131649017334
1670,bdc,cmre,3,2,0.003309905529022217
1670,bdc,cmre,3,3,0.004767358303070068
1670,bdc,cmre,3,4,0.0048406124114990234
1670,bdc,cmre,3,5,0.004149019718170166
1670,bdc,cmre,3,6,0.002701997756958008
1670,bdc,cmre,3,7,0.003241240978240967
1670,bdc,cmre,3,8,0.0012637972831726074
1670,bdc,cmre,3,9,0.0021054744720458984
1670,bdc,cmre,4,0,0.0010038018226623535
1670,bdc,cmre,4,1,0.0025464296340942383
1670,bdc,cmre,4,2,0.0026352405548095703
1670,bdc,cmre,4,3,0.0035919547080993652
1670,bdc,cmre,4,4,0.0030339956283569336
1670,bdc,cmre,4,5,0.002139568328857422
1670,bdc,cmre,4,6,0.0014367103576660156
1670,bdc,cmre,4,7,0.0013688206672668457
1670,bdc,cmre,4,8,0.0009453296661376953
1670,bdc,cmre,4,9,0.0013843774795532227
1670,bdc,cmre,5,0,0.000948786735534668
1670,bdc,cmre,5,1,0.0023123621940612793
1670,bdc,cmre,5,2,0.0023015737533569336
1670,bdc,cmre,5,3,0.0020902156829833984
1670,bdc,cmre,5,4,0.0018194317817687988
1670,bdc,cmre,5,5,0.001574695110321045
1670,bdc,cmre,5,6,0.0016055703163146973
1670,bdc,cmre,5,7,0.0017960071563720703
1670,bdc,cmre,5,8,0.0011905431747436523
1670,bdc,cmre,5,9,0.0019176006317138672
1670,bdc,cmre,6,0,0.003602743148803711
1670,bdc,cmre,6,1,0.0016853809356689453
1670,bdc,cmre,6,2,0.0019025802612304688
1670,bdc,cmre,6,3,0.002208888530731201
1670,bdc,cmre,6,4,0.0017471909523010254
1670,bdc,cmre,6,5,0.0013971328735351562
1670,bdc,cmre,6,6,0.001645803451538086
1670,bdc,cmre,6,7,0.0024191737174987793
1670,bdc,cmre,6,8,0.0012184977531433105
1670,bdc,cmre,6,9,0.0017597675323486328
1670,bdc,cmre,7,0,0.0014818906784057617
1670,bdc,cmre,7,1,0.0019568204879760742
1670,bdc,cmre,7,2,0.0018908977508544922
1670,bdc,cmre,7,3,0.001983165740966797
1670,bdc,cmre,7,4,0.007532238960266113
1670,bdc,cmre,7,5,0.0020852088928222656
1670,bdc,cmre,7,6,0.0013990402221679688
1670,bdc,cmre,7,7,0.0017641782760620117
1670,bdc,cmre,7,8,0.0011366009712219238
1670,bdc,cmre,7,9,0.001776576042175293
1670,bdc,cmre,8,0,0.0009567737579345703
1670,bdc,cmre,8,1,0.0010938644409179688
1670,bdc,cmre,8,2,0.001860976219177246
1670,bdc,cmre,8,3,0.00157850980758667
1670,bdc,cmre,8,4,0.0009554028511047363
1670,bdc,cmre,8,5,0.001191854476928711
1670,bdc,cmre,8,6,0.001271963119506836
1670,bdc,cmre,8,7,0.0013837814331054688
1670,bdc,cmre,8,8,0.0007041692733764648
1670,bdc,cmre,8,9,0.0007988214492797852
1670,bdc,cmre,9,0,0.0007166266441345215
1670,bdc,cmre,9,1,0.0009818673133850098
1670,bdc,cmre,9,2,0.0021982192993164062
1670,bdc,cmre,9,3,0.0014299750328063965
1670,bdc,cmre,9,4,0.001190781593322754
1670,bdc,cmre,9,5,0.0010589957237243652
1670,bdc,cmre,9,6,0.0011617541313171387
1670,bdc,cmre,9,7,0.0016914606094360352
1670,bdc,cmre,9,8,0.001120924949645996
1670,bdc,cmre,9,9,0.0005549788475036621
3322,bdc,raw,0,0,0.03621673583984375
3322,bdc,raw,0,1,0.04502040147781372
3322,bdc,raw,0,2,0.045773983001708984
3322,bdc,raw,0,3,0.04610776901245117
3322,bdc,raw,0,4,0.027699410915374756
3322,bdc,raw,0,5,0.037702977657318115
3322,bdc,raw,0,6,0.046559274196624756
3322,bdc,raw,0,7,0.04642927646636963
3322,bdc,raw,0,8,0.046648502349853516
3322,bdc,raw,0,9,0.04084336757659912
3322,bdc,raw,1,0,0.040704309940338135
3322,bdc,raw,1,1,0.04837977886199951
3322,bdc,raw,1,2,0.05037194490432739
3322,bdc,raw,1,3,0.047769010066986084
3322,bdc,raw,1,4,0.05046957731246948
3322,bdc,raw,1,5,0.03955721855163574
3322,bdc,raw,1,6,0.046764492988586426
3322,bdc,raw,1,7,0.04622143507003784
3322,bdc,raw,1,8,0.04565107822418213
3322,bdc,raw,1,9,0.04158473014831543
3322,bdc,raw,2,0,0.043528199195861816
3322,bdc,raw,2,1,0.04249042272567749
3322,bdc,raw,2,2,0.046948909759521484
3322,bdc,raw,2,3,0.043919920921325684
3322,bdc,raw,2,4,0.03952312469482422
3322,bdc,raw,2,5,0.038513779640197754
3322,bdc,raw,2,6,0.04377716779708862
3322,bdc,raw,2,7,0.04757094383239746
3322,bdc,raw,2,8,0.045965492725372314
3322,bdc,raw,2,9,0.04149901866912842
3322,bdc,raw,3,0,0.04073423147201538
3322,bdc,raw,3,1,0.04260730743408203
3322,bdc,raw,3,2,0.0445597767829895
3322,bdc,raw,3,3,0.045026421546936035
3322,bdc,raw,3,4,0.04169738292694092
3322,bdc,raw,3,5,0.038446128368377686
3322,bdc,raw,3,6,0.04182028770446777
3322,bdc,raw,3,7,0.04184168577194214
3322,bdc,raw,3,8,0.04334449768066406
3322,bdc,raw,3,9,0.03589367866516113
3322,bdc,raw,4,0,0.02046966552734375
3322,bdc,raw,4,1,0.038018763065338135
3322,bdc,raw,4,2,0.04454094171524048
3322,bdc,raw,4,3,0.033895671367645264
3322,bdc,raw,4,4,0.025033295154571533
3322,bdc,raw,4,5,0.028870046138763428
3322,bdc,raw,4,6,0.03912854194641113
3322,bdc,raw,4,7,0.037383198738098145
3322,bdc,raw,4,8,0.03380769491195679
3322,bdc,raw,4,9,0.031114935874938965
3322,bdc,raw,5,0,0.03832972049713135
3322,bdc,raw,5,1,0.040379345417022705
3322,bdc,raw,5,2,0.04314565658569336
3322,bdc,raw,5,3,0.0284578800201416
3322,bdc,raw,5,4,0.02474832534790039
3322,bdc,raw,5,5,0.03491753339767456
3322,bdc,raw,5,6,0.044556617736816406
3322,bdc,raw,5,7,0.0442887544631958
3322,bdc,raw,5,8,0.043887972831726074
3322,bdc,raw,5,9,0.02566707134246826
3322,bdc,raw,6,0,0.04367595911026001
3322,bdc,raw,6,1,0.041044771671295166
3322,bdc,raw,6,2,0.044751882553100586
3322,bdc,raw,6,3,0.04055440425872803
3322,bdc,raw,6,4,0.03712517023086548
3322,bdc,raw,6,5,0.03903388977050781
3322,bdc,raw,6,6,0.04455101490020752
3322,bdc,raw,6,7,0.04157102108001709
3322,bdc,raw,6,8,0.04457414150238037
3322,bdc,raw,6,9,0.039391279220581055
3322,bdc,raw,7,0,0.04408329725265503
3322,bdc,raw,7,1,0.04263460636138916
3322,bdc,raw,7,2,0.044586777687072754
3322,bdc,raw,7,3,0.042616963386535645
3322,bdc,raw,7,4,0.0386202335357666
3322,bdc,raw,7,5,0.03742516040802002
3322,bdc,raw,7,6,0.042186617851257324
3322,bdc,raw,7,7,0.0441817045211792
3322,bdc,raw,7,8,0.045533716678619385
3322,bdc,raw,7,9,0.03870832920074463
3322,bdc,raw,8,0,0.042791008949279785
3322,bdc,raw,8,1,0.04110020399093628
3322,bdc,raw,8,2,0.04421001672744751
3322,bdc,raw,8,3,0.0478816032409668
3322,bdc,raw,8,4,0.040044426918029785
3322,bdc,raw,8,5,0.03701967000961304
3322,bdc,raw,8,6,0.04328596591949463
3322,bdc,raw,8,7,0.044264256954193115
3322,bdc,raw,8,8,0.04301440715789795
3322,bdc,raw,8,9,0.037616848945617676
3322,bdc,raw,9,0,0.03890407085418701
3322,bdc,raw,9,1,0.03997504711151123
3322,bdc,raw,9,2,0.043307602405548096
3322,bdc,raw,9,3,0.04392087459564209
3322,bdc,raw,9,4,0.03233075141906738
3322,bdc,raw,9,5,0.018794655799865723
3322,bdc,raw,9,6,0.032192766666412354
3322,bdc,raw,9,7,0.04082643985748291
3322,bdc,raw,9,8,0.0296362042427063
3322,bdc,raw,9,9,0.007092118263244629
3322,bdc,cmre,0,0,0.001412808895111084
3322,bdc,cmre,0,1,0.003164052963256836
3322,bdc,cmre,0,2,0.0024797916412353516
3322,bdc,cmre,0,3,0.0026965737342834473
3322,bdc,cmre,0,4,0.0011712908744812012
3322,bdc,cmre,0,5,0.001459658145904541
3322,bdc,cmre,0,6,0.0032729506492614746
3322,bdc,cmre,0,7,0.003047943115234375
3322,bdc,cmre,0,8,0.003881216049194336
3322,bdc,cmre,0,9,0.0025919079780578613
3322,bdc,cmre,1,0,0.0018786787986755371
3322,bdc,cmre,1,1,0.0024114251136779785
3322,bdc,cmre,1,2,0.002623140811920166
3322,bdc,cmre,1,3,0.0043735504150390625
3322,bdc,cmre,1,4,0.011188745498657227
3322,bdc,cmre,1,5,0.0025072693824768066
3322,bdc,cmre,1,6,0.0029788613319396973
3322,bdc,cmre,1,7,0.0025424957275390625
3322,bdc,cmre,1,8,0.0024570226669311523
3322,bdc,cmre,1,9,0.0029393434524536133
3322,bdc,cmre,2,0,0.0030948519706726074
3322,bdc,cmre,2,1,0.0016862154006958008
3322,bdc,cmre,2,2,0.002590179443359375
3322,bdc,cmre,2,3,0.0030786991119384766
3322,bdc,cmre,2,4,0.0036263465881347656
3322,bdc,cmre,2,5,0.003105342388153076
3322,bdc,cmre,2,6,0.003113090991973877
3322,bdc,cmre,2,7,0.0025464892387390137
3322,bdc,cmre,2,8,0.00283658504486084
3322,bdc,cmre,2,9,0.002667665481567383
3322,bdc,cmre,3,0,0.003051578998565674
3322,bdc,cmre,3,1,0.0022287964820861816
3322,bdc,cmre,3,2,0.0028711557388305664
3322,bdc,cmre,3,3,0.002474546432495117
3322,bdc,cmre,3,4,0.002674400806427002
3322,bdc,cmre,3,5,0.0029415488243103027
3322,bdc,cmre,3,6,0.0035663247108459473
3322,bdc,cmre,3,7,0.00292050838470459
3322,bdc,cmre,3,8,0.0026853084564208984
3322,bdc,cmre,3,9,0.0026351213455200195
3322,bdc,cmre,4,0,0.001768350601196289
3322,bdc,cmre,4,1,0.0018508434295654297
3322,bdc,cmre,4,2,0.002338230609893799
3322,bdc,cmre,4,3,0.001988649368286133
3322,bdc,cmre,4,4,0.002313375473022461
3322,bdc,cmre,4,5,0.0019258856773376465
3322,bdc,cmre,4,6,0.003603994846343994
3322,bdc,cmre,4,7,0.0022489428520202637
3322,bdc,cmre,4,8,0.0023736953735351562
3322,bdc,cmre,4,9,0.0028544068336486816
3322,bdc,cmre,5,0,0.0026464462280273438
3322,bdc,cmre,5,1,0.002841472625732422
3322,bdc,cmre,5,2,0.0026943087577819824
3322,bdc,cmre,5,3,0.0019683837890625
3322,bdc,cmre,5,4,0.0021898746490478516
3322,bdc,cmre,5,5,0.002542555332183838
3322,bdc,cmre,5,6,0.0038893818855285645
3322,bdc,cmre,5,7,0.002680063247680664
3322,bdc,cmre,5,8,0.002292156219482422
3322,bdc,cmre,5,9,0.002044200897216797
3322,bdc,cmre,6,0,0.0032111406326293945
3322,bdc,cmre,6,1,0.0028913021087646484
3322,bdc,cmre,6,2,0.0031298398971557617
3322,bdc,cmre,6,3,0.0023947954177856445
3322,bdc,cmre,6,4,0.0027234554290771484
3322,bdc,cmre,6,5,0.0034224987030029297
3322,bdc,cmre,6,6,0.004135787487030029
3322,bdc,cmre,6,7,0.002503037452697754
3322,bdc,cmre,6,8,0.002963840961456299
3322,bdc,cmre,6,9,0.002284109592437744
3322,bdc,cmre,7,0,0.003521144390106201
3322,bdc,cmre,7,1,0.0028655529022216797
3322,bdc,cmre,7,2,0.0028188228607177734
3322,bdc,cmre,7,3,0.0024297237396240234
3322,bdc,cmre,7,4,0.0025072097778320312
3322,bdc,cmre,7,5,0.0027502775192260742
3322,bdc,cmre,7,6,0.002727508544921875
3322,bdc,cmre,7,7,0.0021429061889648438
3322,bdc,cmre,7,8,0.002481818199157715
3322,bdc,cmre,7,9,0.002421140670776367
3322,bdc,cmre,8,0,0.0027327537536621094
3322,bdc,cmre,8,1,0.002592623233795166
3322,bdc,cmre,8,2,0.002493619918823242
3322,bdc,cmre,8,3,0.0027959346771240234
3322,bdc,cmre,8,4,0.0015887022018432617
3322,bdc,cmre,8,5,0.0018045902252197266
3322,bdc,cmre,8,6,0.0022788643836975098
3322,bdc,cmre,8,7,0.0017927885055541992
3322,bdc,cmre,8,8,0.0014583468437194824
3322,bdc,cmre,8,9,0.0015760064125061035
3322,bdc,cmre,9,0,0.0013257861137390137
3322,bdc,cmre,9,1,0.0024059414863586426
3322,bdc,cmre,9,2,0.002077758312225342
3322,bdc,cmre,9,3,0.0021442770957946777
3322,bdc,cmre,9,4,0.0009392499923706055
3322,bdc,cmre,9,5,0.0007199645042419434
3322,bdc,cmre,9,6,0.0011066198348999023
3322,bdc,cmre,9,7,0.0009055137634277344
3322,bdc,cmre,9,8,0.0007880926132202148
3322,bdc,cmre,9,9,0.00047963857650756836
