set,method,K,seed,xsrc,xtv,leak_cmi,cramer_v,knn_r1,ami
BDC,v4: CMRE -> Spectral,16,0,0.9754,0.9139,0.0162,0.0947,0.991,0.8928
iliev,v4: CMRE -> Spectral,16,0,0.8722,0.8384,0.0872,0.1466,0.9452,0.9064
shubha,v4: CMRE -> Spectral,16,0,0.9556,0.9675,0.0134,0.0717,0.9971,0.9354
BDC,mentah -> Spectral,16,0,0.5241,0.7413,0.1029,0.2174,0.9779,0.8714
iliev,mentah -> Spectral,16,0,0.7815,0.7066,0.1754,0.3006,0.9442,0.9167
shubha,mentah -> Spectral,16,0,0.3556,0.5566,0.3513,0.5126,0.9964,0.8537
BDC,"mentah -> DIVIDE, K=16",16,0,0.7182,0.8588,0.0301,0.1328,0.9473,0.7914
iliev,"mentah -> DIVIDE, K=16",16,0,0.6889,0.681,0.1992,0.2903,0.9225,0.8509
shubha,"mentah -> DIVIDE, K=16",16,0,0.6944,0.7679,0.1385,0.2479,0.9958,0.8518
BDC,"mentah -> DIVIDE, K=16",16,1,0.5677,0.797,0.0801,0.2139,0.9589,0.8178
iliev,"mentah -> DIVIDE, K=16",16,1,0.7222,0.7123,0.1337,0.2684,0.9437,0.8852
shubha,"mentah -> DIVIDE, K=16",16,1,0.6389,0.6808,0.226,0.3581,0.9958,0.8548
BDC,"mentah -> DIVIDE, K=16",16,2,0.7593,0.8452,0.0495,0.1623,0.9499,0.7885
iliev,"mentah -> DIVIDE, K=16",16,2,0.7611,0.7682,0.1147,0.2183,0.9478,0.8192
shubha,"mentah -> DIVIDE, K=16",16,2,0.6556,0.7723,0.1392,0.2574,0.9941,0.8868
BDC,"CMRE -> DIVIDE, K=16",16,0,0.656,0.8415,0.0397,0.1466,0.9491,0.7991
iliev,"CMRE -> DIVIDE, K=16",16,0,0.5796,0.6495,0.2133,0.3136,0.9342,0.7775
shubha,"CMRE -> DIVIDE, K=16",16,0,0.6556,0.7571,0.1378,0.2522,0.9959,0.8424
BDC,"CMRE -> DIVIDE, K=16",16,1,0.6489,0.8761,0.0342,0.1255,0.9543,0.8153
iliev,"CMRE -> DIVIDE, K=16",16,1,0.7556,0.713,0.112,0.2438,0.9314,0.8735
shubha,"CMRE -> DIVIDE, K=16",16,1,0.6611,0.7839,0.1236,0.2418,0.9966,0.8948
BDC,"CMRE -> DIVIDE, K=16",16,2,0.6347,0.8747,0.0283,0.1473,0.961,0.8011
iliev,"CMRE -> DIVIDE, K=16",16,2,0.763,0.7317,0.0856,0.2247,0.9209,0.8554
shubha,"CMRE -> DIVIDE, K=16",16,2,0.6667,0.7778,0.1221,0.2383,0.996,0.9003
