debias,K,sil,eigengap,pac,ps,xsrc,ext_nmi,purity
A0 mentah,6,0.1477,0.0006,0.2626,0.5929,0.5625,0.5772,0.5011
A0 mentah,7,0.1957,0.0003,0.2086,0.5059,0.5574,0.727,0.6015
A0 mentah,8,0.2479,0.0009,0.163,0.4998,0.6893,0.7913,0.7087
A0 mentah,9,0.2741,0.0004,0.1455,0.4583,0.7058,0.8,0.7885
A0 mentah,10,0.3395,0.0007,0.1194,0.4668,0.7235,0.913,0.894
A0 mentah,11,0.3803,0.0006,0.086,0.6622,0.7158,0.8913,0.9777
A0 mentah,12,0.4263,0.0013,0.0625,0.6759,0.7025,0.8842,0.9764
A0 mentah,13,0.4235,0.0027,0.0355,0.4723,0.7094,0.8394,0.994
A0 mentah,14,0.4084,0.0007,0.0404,0.5538,0.5218,0.8175,0.994
A0 mentah,15,0.4094,0.0001,0.0429,0.5225,0.5218,0.8175,0.9936
A0 mentah,16,0.4173,0.0022,0.0441,0.5038,0.5241,0.7894,0.994
A0 mentah,17,0.44,0.0029,0.0453,0.4208,0.4758,0.7869,0.9936
A0 mentah,18,0.4689,0.0008,0.0455,0.4705,0.3745,0.7832,0.9931
A0 mentah,19,0.4619,0.0017,0.0452,0.43,0.3765,0.7807,0.9931
A0 mentah,20,0.4707,0.0011,0.0461,0.4275,0.2385,0.7514,0.9918
A0 mentah,21,0.4742,0.0015,0.0425,0.3543,0.2385,0.7514,0.9914
A0 mentah,22,0.4737,0.0026,0.0431,0.3517,0.2335,0.7528,0.9918
A0 mentah,23,0.4671,0.0052,0.0405,0.2913,0.2335,0.7509,0.9918
A0 mentah,24,0.4832,0.0006,0.0409,0.3723,0.2335,0.7409,0.9918
A1 ABTT d=D/100,6,0.1141,0.0012,0.3697,0.4446,0.9411,0.5821,0.5779
A1 ABTT d=D/100,7,0.1547,0.001,0.3224,0.4266,0.9422,0.7416,0.6915
A1 ABTT d=D/100,8,0.1759,0.0008,0.2896,0.4538,0.9503,0.7384,0.7542
A1 ABTT d=D/100,9,0.2116,0.0007,0.2381,0.4053,0.8315,0.7523,0.8284
A1 ABTT d=D/100,10,0.223,0.0023,0.1848,0.4063,0.8292,0.751,0.8288
A1 ABTT d=D/100,11,0.2315,0.001,0.1403,0.3819,0.83,0.8398,0.8644
A1 ABTT d=D/100,12,0.2612,0.001,0.1173,0.339,0.8002,0.8096,0.8657
A1 ABTT d=D/100,13,0.2463,0.0032,0.1016,0.3745,0.9099,0.7793,0.8666
A1 ABTT d=D/100,14,0.2754,0.002,0.0873,0.376,0.915,0.8102,0.9292
A1 ABTT d=D/100,15,0.2961,0.0092,0.0738,0.3763,0.9097,0.8047,0.9773
A1 ABTT d=D/100,16,0.287,0.0003,0.0672,0.3297,0.6603,0.745,0.9768
A1 ABTT d=D/100,17,0.2941,0.0025,0.0617,0.3216,0.5593,0.7539,0.9764
A1 ABTT d=D/100,18,0.3168,0.0025,0.0574,0.3835,0.5897,0.754,0.9734
A1 ABTT d=D/100,19,0.3285,0.0025,0.0549,0.3475,0.5897,0.7519,0.9738
A1 ABTT d=D/100,20,0.3292,0.0014,0.0517,0.3347,0.572,0.7499,0.9738
A1 ABTT d=D/100,21,0.3225,0.0017,0.0491,0.3335,0.572,0.7511,0.9738
A1 ABTT d=D/100,22,0.3381,0.01,0.0466,0.336,0.572,0.751,0.9725
A1 ABTT d=D/100,23,0.3459,0.0022,0.0443,0.2722,0.5644,0.7532,0.9717
A1 ABTT d=D/100,24,0.3473,0.0062,0.0428,0.2567,0.5796,0.7526,0.9691
A1 ABTT d=64,6,0.1866,0.0007,0.3174,0.3998,0.9228,0.6964,0.6178
A1 ABTT d=64,7,0.222,0.0011,0.25,0.5536,0.9153,0.8221,0.7087
A1 ABTT d=64,8,0.2701,0.0013,0.2245,0.448,0.9233,0.8278,0.7752
A1 ABTT d=64,9,0.3112,0.0019,0.18,0.5263,0.9308,0.8693,0.8662
A1 ABTT d=64,10,0.3097,0.0031,0.1238,0.4721,0.9324,0.8719,0.8662
A1 ABTT d=64,11,0.315,0.0006,0.0979,0.517,0.8292,0.8208,0.9189
A1 ABTT d=64,12,0.3202,0.0019,0.0794,0.4849,0.8064,0.7979,0.9653
A1 ABTT d=64,13,0.3498,0.0059,0.0697,0.4368,0.7628,0.7831,0.9653
A1 ABTT d=64,14,0.3578,0.0009,0.0608,0.5572,0.7742,0.7801,0.9644
A1 ABTT d=64,15,0.3533,0.0026,0.0534,0.4199,0.7803,0.7513,0.9644
A1 ABTT d=64,16,0.3639,0.0015,0.0476,0.4347,0.7768,0.7525,0.964
A1 ABTT d=64,17,0.3775,0.002,0.0478,0.4836,0.771,0.7442,0.9781
A1 ABTT d=64,18,0.3944,0.0043,0.0484,0.4423,0.7729,0.7522,0.9785
A1 ABTT d=64,19,0.3917,0.003,0.0481,0.4157,0.6518,0.7349,0.9777
A1 ABTT d=64,20,0.3923,0.0026,0.0461,0.4774,0.6518,0.7349,0.9777
A1 ABTT d=64,21,0.3923,0.0017,0.0433,0.3683,0.6518,0.7384,0.9747
A1 ABTT d=64,22,0.397,0.0034,0.0466,0.3291,0.6424,0.7316,0.9743
A1 ABTT d=64,23,0.3965,0.0044,0.0451,0.3304,0.5339,0.7109,0.9743
A1 ABTT d=64,24,0.4053,0.0034,0.0456,0.3534,0.537,0.7109,0.9678
A2 ComBat-proksi,6,0.2118,0.0005,0.3034,0.485,0.9076,0.7761,0.5749
A2 ComBat-proksi,7,0.2434,0.0013,0.2403,0.3952,0.9076,0.8215,0.683
A2 ComBat-proksi,8,0.2838,0.0009,0.1999,0.5472,0.9076,0.8305,0.7731
A2 ComBat-proksi,9,0.354,0.0015,0.1766,0.4148,0.898,0.8146,0.8674
A2 ComBat-proksi,10,0.4029,0.0011,0.1429,0.4456,0.8436,0.7771,0.9575
A2 ComBat-proksi,11,0.403,0.0015,0.0897,0.4577,0.9463,0.8743,0.9923
A2 ComBat-proksi,12,0.4442,0.001,0.0469,0.7485,0.9616,0.8729,0.9923
A2 ComBat-proksi,13,0.4505,0.0007,0.0332,0.6646,0.9417,0.8407,0.9918
A2 ComBat-proksi,14,0.4514,0.0039,0.0377,0.6554,0.9417,0.8407,0.9918
A2 ComBat-proksi,15,0.4285,0.0032,0.0423,0.4933,0.7298,0.8054,0.9914
A2 ComBat-proksi,16,0.4421,0.001,0.0403,0.5079,0.7298,0.8028,0.9914
A2 ComBat-proksi,17,0.4444,0.0011,0.0425,0.4966,0.7045,0.8029,0.9918
A2 ComBat-proksi,18,0.4145,0.0002,0.0399,0.4421,0.5273,0.7862,0.9918
A2 ComBat-proksi,19,0.4112,0.0052,0.04,0.3865,0.5273,0.7864,0.9923
A2 ComBat-proksi,20,0.4228,0.0003,0.0438,0.3242,0.5369,0.7882,0.9918
A2 ComBat-proksi,21,0.4299,0.004,0.0441,0.4048,0.4013,0.7594,0.9918
A2 ComBat-proksi,22,0.4253,0.0025,0.045,0.439,0.4013,0.7579,0.9918
A2 ComBat-proksi,23,0.4194,0.0029,0.0453,0.3672,0.4013,0.7557,0.9918
A2 ComBat-proksi,24,0.4327,0.0015,0.0444,0.3407,0.3897,0.7458,0.9927
A2 ComBat-proksi x3,6,0.1602,0.0011,0.3039,0.4747,0.8711,0.5829,0.6216
A2 ComBat-proksi x3,7,0.1883,0.0002,0.2349,0.4494,0.8952,0.599,0.7233
A2 ComBat-proksi x3,8,0.2495,0.002,0.1981,0.425,0.762,0.609,0.7658
A2 ComBat-proksi x3,9,0.3309,0.0012,0.1673,0.5212,0.8066,0.7242,0.8451
A2 ComBat-proksi x3,10,0.3799,0.001,0.1392,0.419,0.8106,0.7303,0.9532
A2 ComBat-proksi x3,11,0.3793,0.0015,0.0928,0.519,0.9209,0.8575,0.9901
A2 ComBat-proksi x3,12,0.3455,0.0005,0.0506,0.5749,0.7184,0.8401,0.9906
A2 ComBat-proksi x3,13,0.3863,0.0006,0.0378,0.5793,0.7202,0.8369,0.9918
A2 ComBat-proksi x3,14,0.3876,0.0001,0.0437,0.6562,0.7202,0.8376,0.9918
A2 ComBat-proksi x3,15,0.3975,0.0059,0.0444,0.5247,0.717,0.8043,0.991
A2 ComBat-proksi x3,16,0.3761,0.001,0.0434,0.476,0.5017,0.766,0.991
A2 ComBat-proksi x3,17,0.397,0.0012,0.0437,0.4964,0.5094,0.7758,0.9897
A2 ComBat-proksi x3,18,0.4008,0.001,0.0435,0.5069,0.5094,0.7758,0.9906
A2 ComBat-proksi x3,19,0.4065,0.0022,0.0465,0.462,0.3876,0.7438,0.9897
A2 ComBat-proksi x3,20,0.4001,0.0053,0.0467,0.3947,0.3897,0.7452,0.9906
A2 ComBat-proksi x3,21,0.4084,0.0035,0.0468,0.4116,0.3897,0.7451,0.9901
A2 ComBat-proksi x3,22,0.4049,0.0016,0.0472,0.4295,0.3897,0.7451,0.9901
A2 ComBat-proksi x3,23,0.4016,0.0031,0.0485,0.3599,0.3897,0.7447,0.9901
A2 ComBat-proksi x3,24,0.4015,0.0044,0.048,0.383,0.3897,0.7438,0.9901
A3 INLP x3,6,0.1785,0.0007,0.2939,0.481,0.8445,0.4927,0.6006
A3 INLP x3,7,0.2547,0.0015,0.2267,0.4544,0.8273,0.643,0.6628
A3 INLP x3,8,0.3168,0.0011,0.1954,0.4198,0.8418,0.7868,0.7508
A3 INLP x3,9,0.3673,0.001,0.1545,0.4001,0.8464,0.7878,0.8498
A3 INLP x3,10,0.4079,0.0016,0.1273,0.4153,0.8437,0.7884,0.9524
A3 INLP x3,11,0.425,0.0017,0.0851,0.4619,0.814,0.8601,0.985
A3 INLP x3,12,0.427,0.0001,0.057,0.6358,0.814,0.8601,0.985
A3 INLP x3,13,0.4209,0.0002,0.034,0.6935,0.9807,0.8573,0.9888
A3 INLP x3,14,0.4648,0.0047,0.0378,0.5328,0.9738,0.8435,0.991
A3 INLP x3,15,0.4926,0.0029,0.0373,0.4788,0.9784,0.8493,0.9901
A3 INLP x3,16,0.495,0.0006,0.0388,0.4838,0.9815,0.853,0.9901
A3 INLP x3,17,0.498,0.0026,0.0366,0.4432,0.7711,0.7954,0.9897
A3 INLP x3,18,0.489,0.0023,0.0389,0.4406,0.7692,0.7945,0.9884
A3 INLP x3,19,0.5039,0.0034,0.0414,0.4885,0.7692,0.7937,0.9897
A3 INLP x3,20,0.5003,0.0031,0.044,0.4256,0.7692,0.7937,0.9897
A3 INLP x3,21,0.5006,0.0012,0.0461,0.4501,0.6576,0.7929,0.9901
A3 INLP x3,22,0.5038,0.0038,0.0459,0.352,0.6576,0.7912,0.9897
A3 INLP x3,23,0.5187,0.0022,0.0457,0.3538,0.6576,0.7839,0.9901
A3 INLP x3,24,0.5185,0.0064,0.0437,0.3388,0.6576,0.7821,0.9901
A4 CMRE (v4),6,0.2937,0.0015,0.3096,0.5088,0.953,0.6301,0.6105
A4 CMRE (v4),7,0.3128,0.0006,0.244,0.4871,0.9591,0.8329,0.6868
A4 CMRE (v4),8,0.352,0.001,0.205,0.4763,0.9642,0.8789,0.7885
A4 CMRE (v4),9,0.4066,0.0004,0.1663,0.4482,0.9706,0.9506,0.8692
A4 CMRE (v4),10,0.4438,0.0022,0.1141,0.529,0.9666,0.9554,0.9777
A4 CMRE (v4),11,0.478,0.0017,0.0816,0.5196,0.8459,0.832,0.9588
A4 CMRE (v4),12,0.4834,0.0004,0.048,0.6221,0.9777,0.8901,0.9923
A4 CMRE (v4),13,0.4879,0.0016,0.0365,0.5991,0.9777,0.8901,0.9918
A4 CMRE (v4),14,0.4928,0.0011,0.0384,0.7224,0.9719,0.8861,0.9923
A4 CMRE (v4),15,0.5083,0.0012,0.0395,0.4481,0.9754,0.8586,0.9923
A4 CMRE (v4),16,0.5153,0.0025,0.0388,0.4842,0.9754,0.8586,0.9923
A4 CMRE (v4),17,0.5398,0.0015,0.0381,0.355,0.9884,0.8612,0.9914
A4 CMRE (v4),18,0.5109,0.0007,0.039,0.4984,0.7938,0.8348,0.9914
A4 CMRE (v4),19,0.5039,0.0013,0.0423,0.439,0.7938,0.8362,0.9914
A4 CMRE (v4),20,0.5143,0.0015,0.044,0.4314,0.5961,0.7635,0.991
A4 CMRE (v4),21,0.4903,0.0005,0.0437,0.4952,0.5961,0.7635,0.991
A4 CMRE (v4),22,0.5001,0.0021,0.0452,0.4848,0.5961,0.786,0.9918
A4 CMRE (v4),23,0.4937,0.0006,0.0429,0.5034,0.5961,0.786,0.9918
A4 CMRE (v4),24,0.4994,0.0021,0.0417,0.4405,0.5961,0.7846,0.9914
