debias,fusion,cluster,xsrc,src_obj,ext_nmi,bdc_nmi,purity,style_nmi,sil,n_clu,seed_ari
A0 mentah,concat,K-Means,0.7366,0.1512,0.8843,0.9413,0.9894,0.2698,0.5136,16.0,0.8808
A0 mentah,concat,Ward,0.6696,0.1313,0.8428,0.9266,0.979,0.2586,0.4896,16.0,1.0
A0 mentah,concat,GMM,0.7885,0.1594,0.9088,0.9351,0.9846,0.2647,0.501,16.0,0.8325
A0 mentah,concat,Spectral,0.5213,0.2786,0.7908,0.9477,0.994,0.2456,0.4173,16.0,1.0
A0 mentah,concat,Louvain,0.501,0.279,0.8117,0.9601,0.9911,0.3234,0.4565,15.6667,0.9677
A0 mentah,graf-rata,Spectral,0.6731,0.1701,0.7949,0.9446,0.9931,0.2813,0.453,16.0,1.0
A0 mentah,graf-rata,Louvain,0.4653,0.25,0.821,0.9631,0.9906,0.2964,0.4878,16.0,0.9346
A0 mentah,SNF,Spectral,0.6969,0.1237,0.537,0.0072,0.1304,0.0071,-0.3825,16.0,0.9847
A0 mentah,SNF,Louvain,0.4,0.2394,0.576,0.0116,0.148,0.0052,-0.1003,16.0,-0.0004
A1 ABTT d=D/100,concat,K-Means,0.7641,0.0975,0.8337,0.8508,0.9255,0.1982,0.3447,16.0,0.8063
A1 ABTT d=D/100,concat,Ward,0.7299,0.0562,0.7951,0.8285,0.9189,0.1904,0.3281,16.0,1.0
A1 ABTT d=D/100,concat,GMM,0.6945,0.121,0.8146,0.8685,0.9298,0.2147,0.3304,16.0,0.8336
A1 ABTT d=D/100,concat,Spectral,0.6619,0.0893,0.7426,0.8933,0.9768,0.1731,0.287,16.0,1.0
A1 ABTT d=D/100,concat,Louvain,0.8356,0.067,0.8271,0.8732,0.9534,0.2096,0.3047,16.0,0.8968
A1 ABTT d=D/100,graf-rata,Spectral,0.6674,0.1221,0.6867,0.6932,0.6946,0.2585,0.1829,16.0,1.0
A1 ABTT d=D/100,graf-rata,Louvain,0.8422,0.0617,0.7931,0.8507,0.8956,0.2436,0.2827,16.3333,0.8933
A1 ABTT d=D/100,SNF,Spectral,0.7664,0.0634,0.2374,0.0026,0.1291,0.0106,-0.2274,16.0,0.8798
A1 ABTT d=D/100,SNF,Louvain,0.3054,0.1626,0.3839,0.0132,0.149,0.0056,-0.0789,16.0,0.0001
A1 ABTT d=64,concat,K-Means,0.6695,0.049,0.7798,0.8737,0.9551,0.1864,0.4068,16.0,0.8942
A1 ABTT d=64,concat,Ward,0.6442,0.0803,0.761,0.8684,0.952,0.1871,0.3909,16.0,1.0
A1 ABTT d=64,concat,GMM,0.7115,0.0614,0.7981,0.8739,0.9581,0.1965,0.3937,16.0,0.9057
A1 ABTT d=64,concat,Spectral,0.7749,0.0614,0.7524,0.8777,0.964,0.1695,0.3639,16.0,1.0
A1 ABTT d=64,concat,Louvain,0.7117,0.0537,0.7728,0.9006,0.978,0.1965,0.3814,16.0,0.9478
A1 ABTT d=64,graf-rata,Spectral,0.3633,0.1945,0.5916,0.3819,0.4826,0.1649,0.01,16.0,1.0
A1 ABTT d=64,graf-rata,Louvain,0.6636,0.1079,0.6796,0.7976,0.7648,0.2476,0.2173,16.0,0.8897
A1 ABTT d=64,SNF,Spectral,0.9065,0.0566,0.159,0.0079,0.1318,0.0126,-0.2073,16.0,0.8436
A1 ABTT d=64,SNF,Louvain,0.4935,0.1276,0.4958,0.012,0.1477,0.0056,-0.0515,15.6667,-0.0001
A2 ComBat-proksi,concat,K-Means,0.8057,0.065,0.8441,0.9083,0.9826,0.1976,0.5044,16.0,0.9157
A2 ComBat-proksi,concat,Ward,0.8133,0.0507,0.8578,0.9019,0.979,0.1938,0.4894,16.0,1.0
A2 ComBat-proksi,concat,GMM,0.8428,0.1108,0.9025,0.9149,0.9758,0.2107,0.501,16.0,0.9058
A2 ComBat-proksi,concat,Spectral,0.7268,0.1682,0.802,0.9267,0.9914,0.215,0.4421,16.0,1.0
A2 ComBat-proksi,concat,Louvain,0.9325,0.0482,0.8412,0.9332,0.9826,0.2249,0.4759,16.0,0.9347
A2 ComBat-proksi,graf-rata,Spectral,0.898,0.0451,0.8165,0.9285,0.9923,0.2247,0.4726,16.0,1.0
A2 ComBat-proksi,graf-rata,Louvain,0.7232,0.153,0.8212,0.9493,0.9848,0.2593,0.4522,16.0,0.9237
A2 ComBat-proksi,SNF,Spectral,0.6062,0.1413,0.3632,0.0034,0.1296,0.0093,-0.2776,16.0,1.0
A2 ComBat-proksi,SNF,Louvain,0.5393,0.1833,0.6077,0.0129,0.1544,0.0055,-0.1028,16.0,-0.0
A2 ComBat-proksi x3,concat,K-Means,0.7979,0.0779,0.8534,0.9055,0.9793,0.1882,0.4846,16.0,0.9064
A2 ComBat-proksi x3,concat,Ward,0.8006,0.0569,0.8471,0.8983,0.9764,0.1836,0.4632,16.0,1.0
A2 ComBat-proksi x3,concat,GMM,0.8063,0.0927,0.8553,0.9111,0.9728,0.2045,0.4728,16.0,0.8802
A2 ComBat-proksi x3,concat,Spectral,0.5009,0.2468,0.7681,0.9409,0.991,0.2157,0.3761,16.0,1.0
A2 ComBat-proksi x3,concat,Louvain,0.689,0.1452,0.822,0.9198,0.9797,0.2347,0.3965,16.0,0.9148
A2 ComBat-proksi x3,graf-rata,Spectral,0.6879,0.169,0.7757,0.9287,0.9918,0.197,0.4052,16.0,1.0
A2 ComBat-proksi x3,graf-rata,Louvain,0.7095,0.1725,0.8219,0.9548,0.9868,0.2775,0.4129,16.0,0.9318
A2 ComBat-proksi x3,SNF,Spectral,0.6235,0.1317,0.3601,0.0046,0.13,0.0092,-0.2911,16.0,1.0
A2 ComBat-proksi x3,SNF,Louvain,0.4231,0.2558,0.5528,0.0132,0.1509,0.0044,-0.1398,16.6667,0.0004
A3 INLP x3,concat,K-Means,0.8184,0.0577,0.8641,0.907,0.9814,0.186,0.5155,16.0,0.8782
A3 INLP x3,concat,Ward,0.8148,0.0339,0.8563,0.8984,0.9755,0.1906,0.5065,16.0,1.0
A3 INLP x3,concat,GMM,0.875,0.0518,0.9023,0.9112,0.9697,0.2053,0.5046,16.0,0.9108
A3 INLP x3,concat,Spectral,0.9792,0.0476,0.8521,0.9108,0.9901,0.1698,0.495,16.0,1.0
A3 INLP x3,concat,Louvain,0.8431,0.0537,0.8239,0.9256,0.9804,0.2116,0.4857,16.0,0.9593
A3 INLP x3,graf-rata,Spectral,0.8918,0.0402,0.8222,0.9277,0.9918,0.1792,0.4687,16.0,1.0
A3 INLP x3,graf-rata,Louvain,0.9412,0.0563,0.8761,0.942,0.9866,0.2323,0.4768,16.0,0.9688
A3 INLP x3,SNF,Spectral,0.4766,0.1198,0.3032,0.0068,0.1311,0.0111,-0.3035,16.0,0.8237
A3 INLP x3,SNF,Louvain,0.5076,0.1355,0.5809,0.0126,0.1523,0.0047,-0.0786,15.6667,-0.0002
A4 CMRE (v4),concat,K-Means,0.9095,0.0299,0.8935,0.9213,0.9884,0.2066,0.5711,16.0,0.9015
A4 CMRE (v4),concat,Ward,0.8336,0.0335,0.8676,0.8977,0.9747,0.2065,0.5515,16.0,1.0
A4 CMRE (v4),concat,GMM,0.9502,0.0396,0.918,0.9325,0.9887,0.2196,0.558,16.0,0.8779
A4 CMRE (v4),concat,Spectral,0.97,0.041,0.8545,0.9169,0.9923,0.1772,0.5153,16.0,1.0
A4 CMRE (v4),concat,Louvain,0.7692,0.0526,0.801,0.9439,0.9886,0.2257,0.5362,16.0,0.9513
A4 CMRE (v4),graf-rata,Spectral,0.9336,0.0567,0.8249,0.9232,0.9918,0.193,0.53,16.0,1.0
A4 CMRE (v4),graf-rata,Louvain,0.876,0.0492,0.8432,0.9431,0.9906,0.2262,0.5384,16.0,0.9745
A4 CMRE (v4),SNF,Spectral,0.8078,0.1235,0.3359,0.0054,0.1306,0.0124,-0.2763,16.0,0.9712
A4 CMRE (v4),SNF,Louvain,0.6277,0.1237,0.6294,0.0119,0.1487,0.0048,-0.095,16.0,-0.0003
