m,K,F1,xsrc
v4,10,0.5684918130036347,0.8112046744697474
v4,12,0.8306706640965382,0.8942765653780007
v4,13,0.9184513945981252,0.8710730702651698
v4,14,0.9601222101163106,0.74810990255043
v4,15,0.96070802235451,0.74810990255043
v4,16,0.8677707107294379,0.657081213873341
v4,17,0.8908719254327465,0.657081213873341
v4,18,0.9078818487307225,0.660220740790423
v4,20,0.9959254639140619,0.6733403989100811
fusi,10,0.5653432027873608,0.7490314391101394
fusi,12,0.5989640157295625,0.8665690537674142
fusi,13,0.6008219016763848,0.8017021552193603
fusi,14,0.7271165805256012,0.8024684387442645
fusi,15,0.8428830672384006,0.8024684387442645
fusi,16,0.8428830672384006,0.7771351054109312
fusi,17,0.9252686921610996,0.696876503916755
fusi,18,0.9847302161305315,0.696876503916755
fusi,20,0.9778674250912264,0.5397417394564094
DINOv3,10,0.5738908726398411,0.7501415520563383
DINOv3,12,0.6864968134576822,0.7524757223125594
DINOv3,13,0.8115424988422226,0.7255418545770885
DINOv3,14,0.8189744315093035,0.7254082540426865
DINOv3,15,0.8298081139318695,0.7246419705177822
DINOv3,16,0.8470635195975816,0.723875686992878
DINOv3,17,0.8474770908356408,0.701304874870549
DINOv3,18,0.9127361533227265,0.6183561569218311
DINOv3,20,0.9743903444632547,0.6474533256181981
